release_year,genre,region,sales
1980,Action,North America,0.32
1980,Fighting,North America,0.72
1980,Misc,North America,2.5300000000000002
1980,Shooter,North America,6.5600000000000005
1980,Sports,North America,0.46
1981,Action,North America,13.86
1981,Platform,North America,6.47
1981,Puzzle,North America,2.09
1981,Racing,North America,0.45
1981,Shooter,North America,9.37
1981,Simulation,North America,0.42
1981,Sports,North America,0.74
1982,Action,North America,6.07
1982,Misc,North America,0.81
1982,Platform,North America,4.69
1982,Puzzle,North America,9.35
1982,Racing,North America,1.4700000000000002
1982,Shooter,North America,3.55
1982,Sports,North America,0.98
1983,Action,North America,2.67
1983,Adventure,North America,0.38
1983,Misc,North America,0.01
1983,Platform,North America,2.8
1983,Puzzle,North America,0.72
1983,Shooter,North America,0.45
1983,Sports,North America,0.73
1984,Action,North America,0.8
1984,Misc,North America,0.0
1984,Platform,North America,0.0
1984,Puzzle,North America,0.69
1984,Racing,North America,2.3
1984,Shooter,North America,27.79
1984,Sports,North America,1.7
1985,Action,North America,1.64
1985,Fighting,North America,0.0
1985,Platform,North America,29.93
1985,Puzzle,North America,1.33
1985,Shooter,North America,0.65
1985,Simulation,North America,0.0
1985,Sports,North America,0.18
1986,Action,North America,6.5200000000000005
1986,Platform,North America,1.07
1986,Racing,North America,1.13
1986,Role-Playing,North America,0.49
1986,Shooter,North America,0.94
1986,Sports,North America,2.35
1987,Action,North America,1.04
1987,Adventure,North America,2.19
1987,Fighting,North America,2.8
1987,Platform,North America,0.9
1987,Role-Playing,North America,0.47
1987,Shooter,North America,0.6599999999999999
1987,Sports,North America,0.4
1988,Action,North America,1.1500000000000001
1988,Platform,North America,16.34
1988,Puzzle,North America,2.97
1988,Racing,North America,1.47
1988,Role-Playing,North America,0.1
1988,Shooter,North America,0.47
1988,Simulation,North America,0.0
1988,Sports,North America,1.37
1989,Action,North America,3.83
1989,Misc,North America,0.0
1989,Platform,North America,12.14
1989,Puzzle,North America,26.54
1989,Role-Playing,North America,0.0
1989,Shooter,North America,0.4
1989,Sports,North America,2.24
1990,Action,North America,4.2700000000000005
1990,Platform,North America,14.139999999999999
1990,Puzzle,North America,3.13
1990,Racing,North America,3.1
1990,Role-Playing,North America,0.08
1990,Simulation,North America,0.46
1990,Sports,North America,0.28
1991,Action,North America,3.4699999999999998
1991,Adventure,North America,0.85
1991,Fighting,North America,0.0
1991,Misc,North America,0.0
1991,Platform,North America,4.359999999999999
1991,Puzzle,North America,0.86
1991,Racing,North America,0.58
1991,Role-Playing,North America,0.24
1991,Shooter,North America,1.06
1991,Simulation,North America,0.93
1991,Sports,North America,0.41
1991,Strategy,North America,0.0
1992,Action,North America,2.21
1992,Adventure,North America,6.18
1992,Fighting,North America,6.88
1992,Misc,North America,2.3
1992,Platform,North America,8.23
1992,Puzzle,North America,1.56
1992,Racing,North America,3.54
1992,Role-Playing,North America,0.0
1992,Shooter,North America,0.02
1992,Simulation,North America,1.2
1992,Sports,North America,1.75
1992,Strategy,North America,0.02
1993,Action,North America,0.64
1993,Adventure,North America,0.0
1993,Fighting,North America,2.0
1993,Misc,North America,0.0
1993,Platform,North America,9.66
1993,Puzzle,North America,0.62
1993,Racing,North America,0.0
1993,Role-Playing,North America,0.25
1993,Shooter,North America,1.61
1993,Simulation,North America,0.0
1993,Sports,North America,0.04
1993,Strategy,North America,0.3
1994,Action,North America,0.57
1994,Adventure,North America,0.060000000000000005
1994,Fighting,North America,2.86
1994,Misc,North America,1.49
1994,Platform,North America,14.88
1994,Puzzle,North America,0.0
1994,Racing,North America,0.0
1994,Role-Playing,North America,0.86
1994,Shooter,North America,3.71
1994,Simulation,North America,0.33999999999999997
1994,Sports,North America,2.5
1994,Strategy,North America,0.89
1995,Action,North America,1.73
1995,Adventure,North America,0.02
1995,Fighting,North America,4.39
1995,Misc,North America,2.3200000000000003
1995,Platform,North America,6.61
1995,Puzzle,North America,0.21
1995,Racing,North America,2.27
1995,Role-Playing,North America,0.71
1995,Shooter,North America,0.7
1995,Simulation,North America,1.36
1995,Sports,North America,2.56
1995,Strategy,North America,1.95
1996,Action,North America,10.65
1996,Adventure,North America,0.86
1996,Fighting,North America,7.12
1996,Misc,North America,4.08
1996,Platform,North America,13.81
1996,Puzzle,North America,2.18
1996,Racing,North America,16.94
1996,Role-Playing,North America,12.78
1996,Shooter,North America,3.28
1996,Simulation,North America,5.42
1996,Sports,North America,7.78
1996,Strategy,North America,1.86
1997,Action,North America,14.4
1997,Adventure,North America,2.36
1997,Fighting,North America,6.03
1997,Misc,North America,3.28
1997,Platform,North America,10.81
1997,Puzzle,North America,1.34
1997,Racing,North America,15.52
1997,Role-Playing,North America,5.31
1997,Shooter,North America,15.0
1997,Simulation,North America,1.9000000000000001
1997,Sports,North America,15.55
1997,Strategy,North America,3.25
1998,Action,North America,20.15
1998,Adventure,North America,3.17
1998,Fighting,North America,18.43
1998,Misc,North America,5.53
1998,Platform,North America,17.05
1998,Puzzle,North America,2.58
1998,Racing,North America,14.63
1998,Role-Playing,North America,9.16
1998,Shooter,North America,5.61
1998,Simulation,North America,2.79
1998,Sports,North America,24.7
1998,Strategy,North America,4.5600000000000005
1999,Action,North America,14.91
1999,Adventure,North America,3.32
1999,Fighting,North America,8.51
1999,Misc,North America,11.95
1999,Platform,North America,13.0
1999,Puzzle,North America,0.81
1999,Racing,North America,21.15
1999,Role-Playing,North America,17.29
1999,Shooter,North America,7.77
1999,Simulation,North America,3.41
1999,Sports,North America,15.09
1999,Strategy,North America,8.85
2000,Action,North America,17.79
2000,Adventure,North America,1.01
2000,Fighting,North America,9.69
2000,Misc,North America,7.14
2000,Platform,North America,7.87
2000,Puzzle,North America,1.73
2000,Racing,North America,11.0
2000,Role-Playing,North America,7.2
2000,Shooter,North America,4.0
2000,Simulation,North America,1.11
2000,Sports,North America,22.75
2000,Strategy,North America,3.21
2001,Action,North America,29.810000000000002
2001,Adventure,North America,3.92
2001,Fighting,North America,9.19
2001,Misc,North America,9.959999999999999
2001,Platform,North America,21.61
2001,Puzzle,North America,5.22
2001,Racing,North America,29.4
2001,Role-Playing,North America,7.46
2001,Shooter,North America,15.11
2001,Simulation,North America,10.3
2001,Sports,North America,28.8
2001,Strategy,North America,3.1999999999999997
2002,Action,North America,47.81
2002,Adventure,North America,4.72
2002,Fighting,North America,14.0
2002,Misc,North America,8.49
2002,Platform,North America,26.73
2002,Puzzle,North America,3.41
2002,Racing,North America,18.49
2002,Role-Playing,North America,20.43
2002,Shooter,North America,28.69
2002,Simulation,North America,6.01
2002,Sports,North America,35.17
2002,Strategy,North America,2.2399999999999998
2003,Action,North America,37.74
2003,Adventure,North America,0.96
2003,Fighting,North America,13.32
2003,Misc,North America,10.71
2003,Platform,North America,25.31
2003,Puzzle,North America,0.93
2003,Racing,North America,27.65
2003,Role-Playing,North America,13.799999999999999
2003,Shooter,North America,16.13
2003,Simulation,North America,12.06
2003,Sports,North America,31.45
2003,Strategy,North America,3.55
2004,Action,North America,39.08
2004,Adventure,North America,4.95
2004,Fighting,North America,9.94
2004,Misc,North America,17.15
2004,Platform,North America,26.28
2004,Puzzle,North America,3.83
2004,Racing,North America,22.189999999999998
2004,Role-Playing,North America,21.56
2004,Shooter,North America,30.34
2004,Simulation,North America,5.74
2004,Sports,North America,38.52
2004,Strategy,North America,2.93
2005,Action,North America,49.6
2005,Adventure,North America,5.05
2005,Fighting,North America,10.32
2005,Misc,North America,26.76
2005,Platform,North America,15.5
2005,Puzzle,North America,6.54
2005,Racing,North America,30.650000000000002
2005,Role-Playing,North America,12.22
2005,Shooter,North America,27.830000000000002
2005,Simulation,North America,19.16
2005,Sports,North America,36.06
2005,Strategy,North America,2.46
2006,Action,North America,38.27
2006,Adventure,North America,5.11
2006,Fighting,North America,12.44
2006,Misc,North America,25.900000000000002
2006,Platform,North America,23.11
2006,Puzzle,North America,4.37
2006,Racing,North America,20.25
2006,Role-Playing,North America,24.22
2006,Shooter,North America,23.02
2006,Simulation,North America,10.6
2006,Sports,North America,72.78
2006,Strategy,North America,2.06
2007,Action,North America,58.43
2007,Adventure,North America,12.89
2007,Fighting,North America,7.26
2007,Misc,North America,47.55
2007,Platform,North America,18.81
2007,Puzzle,North America,9.91
2007,Racing,North America,18.39
2007,Role-Playing,North America,19.6
2007,Shooter,North America,38.85
2007,Simulation,North America,26.830000000000002
2007,Sports,North America,47.59
2007,Strategy,North America,3.7800000000000002
2008,Action,North America,72.02
2008,Adventure,North America,12.83
2008,Fighting,North America,18.05
2008,Misc,North America,47.21
2008,Platform,North America,17.4
2008,Puzzle,North America,8.02
2008,Racing,North America,33.25
2008,Role-Playing,North America,24.98
2008,Shooter,North America,34.89
2008,Simulation,North America,26.62
2008,Sports,North America,48.61
2008,Strategy,North America,4.81
2009,Action,North America,71.08
2009,Adventure,North America,9.85
2009,Fighting,North America,17.51
2009,Misc,North America,40.6
2009,Platform,North America,20.03
2009,Puzzle,North America,11.09
2009,Racing,North America,14.93
2009,Role-Playing,North America,18.78
2009,Shooter,North America,38.9
2009,Simulation,North America,17.35
2009,Sports,North America,70.85
2009,Strategy,North America,4.58
2010,Action,North America,59.72
2010,Adventure,North America,6.08
2010,Fighting,North America,7.42
2010,Misc,North America,54.11
2010,Platform,North America,16.62
2010,Puzzle,North America,6.36
2010,Racing,North America,14.13
2010,Role-Playing,North America,28.27
2010,Shooter,North America,43.04
2010,Simulation,North America,11.02
2010,Sports,North America,48.11
2010,Strategy,North America,5.77
2011,Action,North America,53.08
2011,Adventure,North America,5.84
2011,Fighting,North America,11.84
2011,Misc,North America,31.5
2011,Platform,North America,12.9
2011,Puzzle,North America,1.61
2011,Racing,North America,14.76
2011,Role-Playing,North America,19.78
2011,Shooter,North America,49.66
2011,Simulation,North America,7.4
2011,Sports,North America,27.17
2011,Strategy,North America,3.25
2012,Action,North America,51.79
2012,Adventure,North America,1.78
2012,Fighting,North America,4.24
2012,Misc,North America,10.7
2012,Platform,North America,7.24
2012,Puzzle,North America,0.3
2012,Racing,North America,4.26
2012,Role-Playing,North America,17.6
2012,Shooter,North America,35.03
2012,Simulation,North America,3.11
2012,Sports,North America,16.259999999999998
2012,Strategy,North America,0.95
2013,Action,North America,53.52
2013,Adventure,North America,1.5
2013,Fighting,North America,3.12
2013,Misc,North America,12.44
2013,Platform,North America,11.35
2013,Puzzle,North America,0.18
2013,Racing,North America,4.22
2013,Role-Playing,North America,12.93
2013,Shooter,North America,30.72
2013,Simulation,North America,2.23
2013,Sports,North America,19.14
2013,Strategy,North America,2.3
2014,Action,North America,38.85
2014,Adventure,North America,1.8
2014,Fighting,North America,6.89
2014,Misc,North America,9.47
2014,Platform,North America,3.01
2014,Puzzle,North America,0.5900000000000001
2014,Racing,North America,5.92
2014,Role-Playing,North America,13.65
2014,Shooter,North America,30.84
2014,Simulation,North America,1.27
2014,Sports,North America,19.82
2014,Strategy,North America,0.16
2015,Action,North America,24.39
2015,Adventure,North America,2.89
2015,Fighting,North America,3.7
2015,Misc,North America,4.82
2015,Platform,North America,2.4899999999999998
2015,Puzzle,North America,0.06
2015,Racing,North America,2.09
2015,Role-Playing,North America,13.93
2015,Shooter,North America,31.94
2015,Simulation,North America,1.2
2015,Sports,North America,18.77
2015,Strategy,North America,0.5800000000000001
2016,Action,North America,9.29
2016,Adventure,North America,0.95
2016,Fighting,North America,1.84
2016,Misc,North America,0.76
2016,Platform,North America,1.29
2016,Puzzle,North America,0.0
2016,Racing,North America,0.73
2016,Role-Playing,North America,5.89
2016,Shooter,North America,16.240000000000002
2016,Simulation,North America,0.16
2016,Sports,North America,7.54
2016,Strategy,North America,0.24
2017,Action,North America,0.0
2017,Role-Playing,North America,0.0
2020,Simulation,North America,0.27
1980,Action,European Union,0.02
1980,Fighting,European Union,0.04
1980,Misc,European Union,0.15000000000000002
1980,Shooter,European Union,0.43000000000000005
1980,Sports,European Union,0.03
1981,Action,European Union,0.81
1981,Platform,European Union,0.37
1981,Puzzle,European Union,0.13
1981,Racing,European Union,0.03
1981,Shooter,European Union,0.56
1981,Simulation,European Union,0.02
1981,Sports,European Union,0.04
1982,Action,European Union,0.38
1982,Misc,European Union,0.05
1982,Platform,European Union,0.27999999999999997
1982,Puzzle,European Union,0.5800000000000001
1982,Racing,European Union,0.09000000000000001
1982,Shooter,European Union,0.21
1982,Sports,European Union,0.06
1983,Action,European Union,0.17
1983,Adventure,European Union,0.02
1983,Misc,European Union,0.0
1983,Platform,European Union,0.43
1983,Puzzle,European Union,0.05
1983,Shooter,European Union,0.03
1983,Sports,European Union,0.1
1984,Action,European Union,0.19
1984,Misc,European Union,0.0
1984,Platform,European Union,0.0
1984,Puzzle,European Union,0.18
1984,Racing,European Union,0.49
1984,Shooter,European Union,0.85
1984,Sports,European Union,0.39
1985,Action,European Union,0.38
1985,Fighting,European Union,0.0
1985,Platform,European Union,3.77
1985,Puzzle,European Union,0.19
1985,Shooter,European Union,0.14
1985,Simulation,European Union,0.03
1985,Sports,European Union,0.23
1986,Action,European Union,1.6600000000000001
1986,Platform,European Union,0.18
1986,Racing,European Union,0.37
1986,Role-Playing,European Union,0.0
1986,Shooter,European Union,0.16
1986,Sports,European Union,0.47000000000000003
1987,Action,European Union,0.06
1987,Adventure,European Union,0.5
1987,Fighting,European Union,0.6499999999999999
1987,Platform,European Union,0.14
1987,Role-Playing,European Union,0.0
1987,Shooter,European Union,0.03
1987,Sports,European Union,0.03
1988,Action,European Union,0.16
1988,Platform,European Union,4.99
1988,Puzzle,European Union,0.69
1988,Racing,European Union,0.38
1988,Role-Playing,European Union,0.0
1988,Shooter,European Union,0.03
1988,Simulation,European Union,0.02
1988,Sports,European Union,0.32
1989,Action,European Union,0.46
1989,Misc,European Union,0.0
1989,Platform,European Union,3.08
1989,Puzzle,European Union,3.61
1989,Role-Playing,European Union,0.0
1989,Shooter,European Union,0.39
1989,Sports,European Union,0.9
1990,Action,European Union,0.9700000000000001
1990,Platform,European Union,3.99
1990,Puzzle,European Union,0.8
1990,Racing,European Union,1.2
1990,Role-Playing,European Union,0.0
1990,Simulation,European Union,0.17
1990,Sports,European Union,0.5
1991,Action,European Union,1.08
1991,Adventure,European Union,0.31
1991,Fighting,European Union,0.0
1991,Misc,European Union,0.0
1991,Platform,European Union,1.19
1991,Puzzle,European Union,0.16
1991,Racing,European Union,0.37
1991,Role-Playing,European Union,0.09
1991,Shooter,European Union,0.38
1991,Simulation,European Union,0.27
1991,Sports,European Union,0.1
1991,Strategy,European Union,0.0
1992,Action,European Union,0.96
1992,Adventure,European Union,2.81
1992,Fighting,European Union,2.28
1992,Misc,European Union,0.7100000000000001
1992,Platform,European Union,2.05
1992,Puzzle,European Union,0.52
1992,Racing,European Union,1.24
1992,Role-Playing,European Union,0.0
1992,Shooter,European Union,0.0
1992,Simulation,European Union,0.84
1992,Sports,European Union,0.25
1992,Strategy,European Union,0.05
1993,Action,European Union,0.22
1993,Adventure,European Union,0.0
1993,Fighting,European Union,0.55
1993,Misc,European Union,0.0
1993,Platform,European Union,3.16
1993,Puzzle,European Union,0.13
1993,Racing,European Union,0.0
1993,Role-Playing,European Union,0.07
1993,Shooter,European Union,0.51
1993,Simulation,European Union,0.0
1993,Sports,European Union,0.01
1993,Strategy,European Union,0.0
1994,Action,European Union,0.12
1994,Adventure,European Union,2.81
1994,Fighting,European Union,0.98
1994,Misc,European Union,0.81
1994,Platform,European Union,5.7299999999999995
1994,Puzzle,European Union,0.0
1994,Racing,European Union,0.0
1994,Role-Playing,European Union,0.0
1994,Shooter,European Union,2.57
1994,Simulation,European Union,0.23
1994,Sports,European Union,0.55
1994,Strategy,European Union,1.08
1995,Action,European Union,0.45
1995,Adventure,European Union,0.01
1995,Fighting,European Union,2.84
1995,Misc,European Union,1.56
1995,Platform,European Union,3.22
1995,Puzzle,European Union,0.13
1995,Racing,European Union,1.56
1995,Role-Playing,European Union,0.30000000000000004
1995,Shooter,European Union,0.48
1995,Simulation,European Union,0.63
1995,Sports,European Union,1.28
1995,Strategy,European Union,2.44
1996,Action,European Union,5.88
1996,Adventure,European Union,0.6
1996,Fighting,European Union,4.05
1996,Misc,European Union,2.75
1996,Platform,European Union,6.83
1996,Puzzle,European Union,0.29
1996,Racing,European Union,5.1899999999999995
1996,Role-Playing,European Union,11.040000000000001
1996,Shooter,European Union,2.14
1996,Simulation,European Union,3.05
1996,Sports,European Union,3.7800000000000002
1996,Strategy,European Union,1.6600000000000001
1997,Action,European Union,9.86
1997,Adventure,European Union,1.3399999999999999
1997,Fighting,European Union,2.65
1997,Misc,European Union,1.22
1997,Platform,European Union,6.45
1997,Puzzle,European Union,0.53
1997,Racing,European Union,10.82
1997,Role-Playing,European Union,3.4400000000000004
1997,Shooter,European Union,4.5
1997,Simulation,European Union,1.29
1997,Sports,European Union,5.47
1997,Strategy,European Union,0.75
1998,Action,European Union,11.9
1998,Adventure,European Union,2.52
1998,Fighting,European Union,7.8
1998,Misc,European Union,2.91
1998,Platform,European Union,8.19
1998,Puzzle,European Union,1.59
1998,Racing,European Union,9.62
1998,Role-Playing,European Union,6.44
1998,Shooter,European Union,3.3600000000000003
1998,Simulation,European Union,0.77
1998,Sports,European Union,10.209999999999999
1998,Strategy,European Union,1.59
1999,Action,European Union,8.68
1999,Adventure,European Union,2.7800000000000002
1999,Fighting,European Union,2.65
1999,Misc,European Union,3.73
1999,Platform,European Union,5.34
1999,Puzzle,European Union,0.45
1999,Racing,European Union,11.11
1999,Role-Playing,European Union,11.17
1999,Shooter,European Union,3.73
1999,Simulation,European Union,1.33
1999,Sports,European Union,7.03
1999,Strategy,European Union,4.67
2000,Action,European Union,10.84
2000,Adventure,European Union,0.6900000000000001
2000,Fighting,European Union,6.3100000000000005
2000,Misc,European Union,4.91
2000,Platform,European Union,4.64
2000,Puzzle,European Union,0.93
2000,Racing,European Union,6.5
2000,Role-Playing,European Union,4.21
2000,Shooter,European Union,2.17
2000,Simulation,European Union,0.77
2000,Sports,European Union,9.77
2000,Strategy,European Union,1.03
2001,Action,European Union,19.25
2001,Adventure,European Union,3.67
2001,Fighting,European Union,5.0
2001,Misc,European Union,4.25
2001,Platform,European Union,11.62
2001,Puzzle,European Union,1.84
2001,Racing,European Union,17.89
2001,Role-Playing,European Union,4.14
2001,Shooter,European Union,7.5
2001,Simulation,European Union,4.35
2001,Sports,European Union,14.14
2001,Strategy,European Union,1.24
2002,Action,European Union,27.01
2002,Adventure,European Union,2.5100000000000002
2002,Fighting,European Union,6.21
2002,Misc,European Union,3.56
2002,Platform,European Union,12.3
2002,Puzzle,European Union,1.41
2002,Racing,European Union,8.89
2002,Role-Playing,European Union,9.39
2002,Shooter,European Union,14.98
2002,Simulation,European Union,3.5300000000000002
2002,Sports,European Union,19.24
2002,Strategy,European Union,0.72
2003,Action,European Union,20.88
2003,Adventure,European Union,0.5700000000000001
2003,Fighting,European Union,5.78
2003,Misc,European Union,7.46
2003,Platform,European Union,12.5
2003,Puzzle,European Union,0.28
2003,Racing,European Union,17.23
2003,Role-Playing,European Union,5.7
2003,Shooter,European Union,8.54
2003,Simulation,European Union,6.47
2003,Sports,European Union,15.96
2003,Strategy,European Union,2.44
2004,Action,European Union,16.02
2004,Adventure,European Union,2.13
2004,Fighting,European Union,4.12
2004,Misc,European Union,9.44
2004,Platform,European Union,12.01
2004,Puzzle,European Union,1.48
2004,Racing,European Union,12.459999999999999
2004,Role-Playing,European Union,16.73
2004,Shooter,European Union,12.76
2004,Simulation,European Union,3.56
2004,Sports,European Union,14.86
2004,Strategy,European Union,1.71
2005,Action,European Union,21.88
2005,Adventure,European Union,2.03
2005,Fighting,European Union,4.46
2005,Misc,European Union,20.21
2005,Platform,European Union,5.3100000000000005
2005,Puzzle,European Union,6.04
2005,Racing,European Union,15.66
2005,Role-Playing,European Union,4.9
2005,Shooter,European Union,9.18
2005,Simulation,European Union,16.28
2005,Sports,European Union,14.059999999999999
2005,Strategy,European Union,1.1
2006,Action,European Union,15.03
2006,Adventure,European Union,2.58
2006,Fighting,European Union,4.48
2006,Misc,European Union,19.26
2006,Platform,European Union,11.8
2006,Puzzle,European Union,2.08
2006,Racing,European Union,8.76
2006,Role-Playing,European Union,7.95
2006,Shooter,European Union,8.73
2006,Simulation,European Union,6.12
2006,Sports,European Union,40.06
2006,Strategy,European Union,1.04
2007,Action,European Union,25.080000000000002
2007,Adventure,European Union,5.45
2007,Fighting,European Union,3.42
2007,Misc,European Union,20.62
2007,Platform,European Union,9.62
2007,Puzzle,European Union,8.67
2007,Racing,European Union,13.01
2007,Role-Playing,European Union,8.21
2007,Shooter,European Union,21.81
2007,Simulation,European Union,13.82
2007,Sports,European Union,26.3
2007,Strategy,European Union,1.81
2008,Action,European Union,38.68
2008,Adventure,European Union,5.55
2008,Fighting,European Union,6.99
2008,Misc,European Union,20.73
2008,Platform,European Union,10.52
2008,Puzzle,European Union,5.0
2008,Racing,European Union,23.99
2008,Role-Playing,European Union,10.9
2008,Shooter,European Union,16.05
2008,Simulation,European Union,11.9
2008,Sports,European Union,26.68
2008,Strategy,European Union,4.15
2009,Action,European Union,38.28
2009,Adventure,European Union,5.44
2009,Fighting,European Union,7.41
2009,Misc,European Union,20.18
2009,Platform,European Union,11.38
2009,Puzzle,European Union,5.4399999999999995
2009,Racing,European Union,12.879999999999999
2009,Role-Playing,European Union,8.08
2009,Shooter,European Union,20.85
2009,Simulation,European Union,11.51
2009,Sports,European Union,41.67
2009,Strategy,European Union,4.82
2010,Action,European Union,34.51
2010,Adventure,European Union,4.92
2010,Fighting,European Union,4.09
2010,Misc,European Union,26.37
2010,Platform,European Union,8.23
2010,Puzzle,European Union,3.02
2010,Racing,European Union,14.17
2010,Role-Playing,European Union,13.18
2010,Shooter,European Union,23.43
2010,Simulation,European Union,6.67
2010,Sports,European Union,28.36
2010,Strategy,European Union,4.47
2011,Action,European Union,39.78
2011,Adventure,European Union,4.5
2011,Fighting,European Union,5.45
2011,Misc,European Union,13.4
2011,Platform,European Union,8.66
2011,Puzzle,European Union,2.16
2011,Racing,European Union,13.29
2011,Role-Playing,European Union,13.77
2011,Shooter,European Union,34.55
2011,Simulation,European Union,5.17
2011,Sports,European Union,19.39
2011,Strategy,European Union,2.85
2012,Action,European Union,41.21
2012,Adventure,European Union,1.21
2012,Fighting,European Union,2.24
2012,Misc,European Union,6.28
2012,Platform,European Union,5.83
2012,Puzzle,European Union,0.4
2012,Racing,European Union,7.1000000000000005
2012,Role-Playing,European Union,11.56
2012,Shooter,European Union,25.61
2012,Simulation,European Union,3.63
2012,Sports,European Union,8.57
2012,Strategy,European Union,0.95
2013,Action,European Union,43.45
2013,Adventure,European Union,1.76
2013,Fighting,European Union,1.86
2013,Misc,European Union,7.18
2013,Platform,European Union,8.78
2013,Puzzle,European Union,0.48
2013,Racing,European Union,6.06
2013,Role-Playing,European Union,8.8
2013,Shooter,European Union,22.34
2013,Simulation,European Union,3.6199999999999997
2013,Sports,European Union,14.790000000000001
2013,Strategy,European Union,2.43
2014,Action,European Union,39.86
2014,Adventure,European Union,1.82
2014,Fighting,European Union,2.97
2014,Misc,European Union,8.6
2014,Platform,European Union,3.6
2014,Puzzle,European Union,0.39
2014,Racing,European Union,7.61
2014,Role-Playing,European Union,10.96
2014,Shooter,European Union,25.24
2014,Simulation,European Union,3.56
2014,Sports,European Union,17.91
2014,Strategy,European Union,0.22
2015,Action,European Union,24.14
2015,Adventure,European Union,3.35
2015,Fighting,European Union,2.38
2015,Misc,European Union,3.6
2015,Platform,European Union,1.81
2015,Puzzle,European Union,0.12000000000000001
2015,Racing,European Union,4.75
2015,Role-Playing,European Union,12.93
2015,Shooter,European Union,24.38
2015,Simulation,European Union,2.47
2015,Sports,European Union,15.81
2015,Strategy,European Union,0.98
2016,Action,European Union,10.68
2016,Adventure,European Union,1.32
2016,Fighting,European Union,1.34
2016,Misc,European Union,0.66
2016,Platform,European Union,1.3900000000000001
2016,Puzzle,European Union,0.01
2016,Racing,European Union,1.77
2016,Role-Playing,European Union,4.28
2016,Shooter,European Union,15.9
2016,Simulation,European Union,1.27
2016,Sports,European Union,12.01
2016,Strategy,European Union,0.59
2017,Action,European Union,0.0
2017,Role-Playing,European Union,0.0
2020,Simulation,European Union,0.0
1980,Action,Japan,0.0
1980,Fighting,Japan,0.0
1980,Misc,Japan,0.0
1980,Shooter,Japan,0.0
1980,Sports,Japan,0.0
1981,Action,Japan,0.0
1981,Platform,Japan,0.0
1981,Puzzle,Japan,0.0
1981,Racing,Japan,0.0
1981,Shooter,Japan,0.0
1981,Simulation,Japan,0.0
1981,Sports,Japan,0.0
1982,Action,Japan,0.0
1982,Misc,Japan,0.0
1982,Platform,Japan,0.0
1982,Puzzle,Japan,0.0
1982,Racing,Japan,0.0
1982,Shooter,Japan,0.0
1982,Sports,Japan,0.0
1983,Action,Japan,0.0
1983,Adventure,Japan,0.0
1983,Misc,Japan,2.13
1983,Platform,Japan,3.6199999999999997
1983,Puzzle,Japan,0.0
1983,Shooter,Japan,0.0
1983,Sports,Japan,2.35
1984,Action,Japan,0.83
1984,Misc,Japan,1.45
1984,Platform,Japan,0.69
1984,Puzzle,Japan,2.2300000000000004
1984,Racing,Japan,3.09
1984,Shooter,Japan,1.96
1984,Sports,Japan,4.02
1985,Action,Japan,1.44
1985,Fighting,Japan,1.05
1985,Platform,Japan,8.67
1985,Puzzle,Japan,1.66
1985,Shooter,Japan,0.21
1985,Simulation,Japan,0.0
1985,Sports,Japan,1.53
1986,Action,Japan,5.31
1986,Platform,Japan,8.11
1986,Racing,Japan,0.41
1986,Role-Playing,Japan,0.52
1986,Shooter,Japan,2.77
1986,Sports,Japan,2.69
1987,Action,Japan,0.0
1987,Adventure,Japan,1.61
1987,Fighting,Japan,1.8699999999999999
1987,Platform,Japan,0.69
1987,Role-Playing,Japan,4.18
1987,Shooter,Japan,0.0
1987,Sports,Japan,3.2800000000000002
1988,Action,Japan,0.42
1988,Platform,Japan,5.7
1988,Puzzle,Japan,1.81
1988,Racing,Japan,0.19
1988,Role-Playing,Japan,5.78
1988,Shooter,Japan,0.0
1988,Simulation,Japan,0.0
1988,Sports,Japan,1.86
1989,Action,Japan,0.31
1989,Misc,Japan,1.28
1989,Platform,Japan,4.97
1989,Puzzle,Japan,6.77
1989,Role-Playing,Japan,2.2
1989,Shooter,Japan,0.36
1989,Sports,Japan,2.47
1990,Action,Japan,1.01
1990,Platform,Japan,4.28
1990,Puzzle,Japan,1.93
1990,Racing,Japan,1.48
1990,Role-Playing,Japan,4.42
1990,Simulation,Japan,0.48
1990,Sports,Japan,1.28
1991,Action,Japan,2.06
1991,Adventure,Japan,1.04
1991,Fighting,Japan,0.39
1991,Misc,Japan,0.08
1991,Platform,Japan,1.9100000000000001
1991,Puzzle,Japan,2.11
1991,Racing,Japan,0.15
1991,Role-Playing,Japan,2.81
1991,Shooter,Japan,0.5
1991,Simulation,Japan,0.91
1991,Sports,Japan,1.8800000000000001
1991,Strategy,Japan,0.94
1992,Action,Japan,0.54
1992,Adventure,Japan,2.9699999999999998
1992,Fighting,Japan,5.75
1992,Misc,Japan,1.81
1992,Platform,Japan,2.79
1992,Puzzle,Japan,2.6799999999999997
1992,Racing,Japan,4.09
1992,Role-Playing,Japan,6.83
1992,Shooter,Japan,0.26
1992,Simulation,Japan,0.0
1992,Sports,Japan,0.9
1992,Strategy,Japan,0.29
1993,Action,Japan,0.92
1993,Adventure,Japan,0.07
1993,Fighting,Japan,6.11
1993,Misc,Japan,0.3
1993,Platform,Japan,5.21
1993,Puzzle,Japan,2.3899999999999997
1993,Racing,Japan,0.36
1993,Role-Playing,Japan,5.25
1993,Shooter,Japan,0.89
1993,Simulation,Japan,0.19
1993,Sports,Japan,3.13
1993,Strategy,Japan,0.51
1994,Action,Japan,0.84
1994,Adventure,Japan,0.8700000000000001
1994,Fighting,Japan,4.44
1994,Misc,Japan,0.45999999999999996
1994,Platform,Japan,7.0200000000000005
1994,Puzzle,Japan,1.53
1994,Racing,Japan,2.13
1994,Role-Playing,Japan,6.2299999999999995
1994,Shooter,Japan,1.67
1994,Simulation,Japan,2.1
1994,Sports,Japan,5.23
1994,Strategy,Japan,1.47
1995,Action,Japan,1.26
1995,Adventure,Japan,0.67
1995,Fighting,Japan,7.05
1995,Misc,Japan,2.43
1995,Platform,Japan,6.36
1995,Puzzle,Japan,2.34
1995,Racing,Japan,1.95
1995,Role-Playing,Japan,13.09
1995,Shooter,Japan,2.85
1995,Simulation,Japan,2.0300000000000002
1995,Sports,Japan,3.87
1995,Strategy,Japan,1.85
1996,Action,Japan,2.62
1996,Adventure,Japan,2.6
1996,Fighting,Japan,6.12
1996,Misc,Japan,3.4699999999999998
1996,Platform,Japan,6.76
1996,Puzzle,Japan,1.3599999999999999
1996,Racing,Japan,5.3
1996,Role-Playing,Japan,18.78
1996,Shooter,Japan,1.11
1996,Simulation,Japan,2.38
1996,Sports,Japan,5.08
1996,Strategy,Japan,1.8599999999999999
1997,Action,Japan,1.9000000000000001
1997,Adventure,Japan,1.05
1997,Fighting,Japan,2.6
1997,Misc,Japan,0.98
1997,Platform,Japan,3.71
1997,Puzzle,Japan,3.83
1997,Racing,Japan,4.09
1997,Role-Playing,Japan,11.56
1997,Shooter,Japan,2.17
1997,Simulation,Japan,5.91
1997,Sports,Japan,7.59
1997,Strategy,Japan,3.48
1998,Action,Japan,5.55
1998,Adventure,Japan,2.91
1998,Fighting,Japan,4.18
1998,Misc,Japan,2.88
1998,Platform,Japan,3.29
1998,Puzzle,Japan,1.84
1998,Racing,Japan,2.3
1998,Role-Playing,Japan,11.33
1998,Shooter,Japan,0.36
1998,Simulation,Japan,3.3600000000000003
1998,Sports,Japan,5.06
1998,Strategy,Japan,6.98
1999,Action,Japan,2.9
1999,Adventure,Japan,1.11
1999,Fighting,Japan,2.83
1999,Misc,Japan,4.32
1999,Platform,Japan,1.6600000000000001
1999,Puzzle,Japan,0.02
1999,Racing,Japan,3.35
1999,Role-Playing,Japan,18.7
1999,Shooter,Japan,0.29000000000000004
1999,Simulation,Japan,6.12
1999,Sports,Japan,6.83
1999,Strategy,Japan,4.21
2000,Action,Japan,3.7399999999999998
2000,Adventure,Japan,1.1099999999999999
2000,Fighting,Japan,3.0500000000000003
2000,Misc,Japan,2.77
2000,Platform,Japan,2.56
2000,Puzzle,Japan,0.98
2000,Racing,Japan,1.15
2000,Role-Playing,Japan,15.8
2000,Shooter,Japan,0.2
2000,Simulation,Japan,1.27
2000,Sports,Japan,6.36
2000,Strategy,Japan,3.78
2001,Action,Japan,5.99
2001,Adventure,Japan,1.07
2001,Fighting,Japan,2.73
2001,Misc,Japan,1.26
2001,Platform,Japan,3.54
2001,Puzzle,Japan,0.7
2001,Racing,Japan,4.0
2001,Role-Playing,Japan,9.55
2001,Shooter,Japan,0.53
2001,Simulation,Japan,3.77
2001,Sports,Japan,3.9
2001,Strategy,Japan,2.82
2002,Action,Japan,5.1
2002,Adventure,Japan,3.23
2002,Fighting,Japan,3.14
2002,Misc,Japan,2.9000000000000004
2002,Platform,Japan,4.52
2002,Puzzle,Japan,0.16999999999999998
2002,Racing,Japan,0.2
2002,Role-Playing,Japan,13.64
2002,Shooter,Japan,1.02
2002,Simulation,Japan,0.75
2002,Sports,Japan,4.69
2002,Strategy,Japan,2.4
2003,Action,Japan,4.1899999999999995
2003,Adventure,Japan,0.43
2003,Fighting,Japan,2.95
2003,Misc,Japan,3.58
2003,Platform,Japan,2.2199999999999998
2003,Puzzle,Japan,1.14
2003,Racing,Japan,2.83
2003,Role-Playing,Japan,9.629999999999999
2003,Shooter,Japan,0.21
2003,Simulation,Japan,1.46
2003,Sports,Japan,4.0
2003,Strategy,Japan,1.56
2004,Action,Japan,4.82
2004,Adventure,Japan,1.23
2004,Fighting,Japan,1.34
2004,Misc,Japan,2.43
2004,Platform,Japan,6.109999999999999
2004,Puzzle,Japan,2.55
2004,Racing,Japan,1.9900000000000002
2004,Role-Playing,Japan,13.49
2004,Shooter,Japan,0.65
2004,Simulation,Japan,0.58
2004,Sports,Japan,4.42
2004,Strategy,Japan,2.04
2005,Action,Japan,6.32
2005,Adventure,Japan,0.74
2005,Fighting,Japan,3.0700000000000003
2005,Misc,Japan,7.96
2005,Platform,Japan,1.1199999999999999
2005,Puzzle,Japan,6.21
2005,Racing,Japan,4.37
2005,Role-Playing,Japan,9.22
2005,Shooter,Japan,1.32
2005,Simulation,Japan,9.02
2005,Sports,Japan,3.54
2005,Strategy,Japan,1.38
2006,Action,Japan,5.78
2006,Adventure,Japan,2.62
2006,Fighting,Japan,2.82
2006,Misc,Japan,15.74
2006,Platform,Japan,9.21
2006,Puzzle,Japan,3.4
2006,Racing,Japan,0.87
2006,Role-Playing,Japan,19.830000000000002
2006,Shooter,Japan,1.8900000000000001
2006,Simulation,Japan,2.38
2006,Sports,Japan,8.69
2006,Strategy,Japan,0.51
2007,Action,Japan,6.13
2007,Adventure,Japan,3.55
2007,Fighting,Japan,2.73
2007,Misc,Japan,11.46
2007,Platform,Japan,2.98
2007,Puzzle,Japan,3.06
2007,Racing,Japan,0.94
2007,Role-Playing,Japan,12.43
2007,Shooter,Japan,1.53
2007,Simulation,Japan,3.02
2007,Sports,Japan,9.59
2007,Strategy,Japan,2.87
2008,Action,Japan,6.0
2008,Adventure,Japan,4.34
2008,Fighting,Japan,6.140000000000001
2008,Misc,Japan,7.24
2008,Platform,Japan,2.36
2008,Puzzle,Japan,0.9199999999999999
2008,Racing,Japan,4.21
2008,Role-Playing,Japan,17.509999999999998
2008,Shooter,Japan,0.77
2008,Simulation,Japan,3.66
2008,Sports,Japan,5.37
2008,Strategy,Japan,1.73
2009,Action,Japan,11.96
2009,Adventure,Japan,3.35
2009,Fighting,Japan,3.02
2009,Misc,Japan,5.8
2009,Platform,Japan,4.84
2009,Puzzle,Japan,1.6500000000000001
2009,Racing,Japan,0.5
2009,Role-Playing,Japan,17.07
2009,Shooter,Japan,1.12
2009,Simulation,Japan,0.9500000000000001
2009,Sports,Japan,9.81
2009,Strategy,Japan,1.82
2010,Action,Japan,8.58
2010,Adventure,Japan,3.6
2010,Fighting,Japan,1.52
2010,Misc,Japan,6.69
2010,Platform,Japan,3.68
2010,Puzzle,Japan,0.49
2010,Racing,Japan,1.04
2010,Role-Playing,Japan,23.67
2010,Shooter,Japan,2.12
2010,Simulation,Japan,1.66
2010,Sports,Japan,4.42
2010,Strategy,Japan,2.02
2011,Action,Japan,10.82
2011,Adventure,Japan,3.83
2011,Fighting,Japan,2.94
2011,Misc,Japan,4.74
2011,Platform,Japan,3.5
2011,Puzzle,Japan,0.77
2011,Racing,Japan,3.14
2011,Role-Playing,Japan,14.43
2011,Shooter,Japan,2.69
2011,Simulation,Japan,1.23
2011,Sports,Japan,3.08
2011,Strategy,Japan,1.9000000000000001
2012,Action,Japan,12.31
2012,Adventure,Japan,2.42
2012,Fighting,Japan,1.79
2012,Misc,Japan,3.66
2012,Platform,Japan,3.8400000000000003
2012,Puzzle,Japan,0.9600000000000001
2012,Racing,Japan,0.2
2012,Role-Playing,Japan,14.4
2012,Shooter,Japan,2.62
2012,Simulation,Japan,5.89
2012,Sports,Japan,2.6
2012,Strategy,Japan,1.1099999999999999
2013,Action,Japan,10.91
2013,Adventure,Japan,2.22
2013,Fighting,Japan,1.28
2013,Misc,Japan,3.59
2013,Platform,Japan,2.1
2013,Puzzle,Japan,0.25
2013,Racing,Japan,0.54
2013,Role-Playing,Japan,19.88
2013,Shooter,Japan,1.74
2013,Simulation,Japan,2.21
2013,Sports,Japan,2.15
2013,Strategy,Japan,0.82
2014,Action,Japan,6.53
2014,Adventure,Japan,1.3800000000000001
2014,Fighting,Japan,4.83
2014,Misc,Japan,2.42
2014,Platform,Japan,1.27
2014,Puzzle,Japan,0.41000000000000003
2014,Racing,Japan,1.47
2014,Role-Playing,Japan,17.75
2014,Shooter,Japan,1.08
2014,Simulation,Japan,0.38
2014,Sports,Japan,1.61
2014,Strategy,Japan,0.56
2015,Action,Japan,15.98
2015,Adventure,Japan,1.04
2015,Fighting,Japan,0.79
2015,Misc,Japan,2.15
2015,Platform,Japan,1.3099999999999998
2015,Puzzle,Japan,0.52
2015,Racing,Japan,0.28
2015,Role-Playing,Japan,6.8
2015,Shooter,Japan,2.73
2015,Simulation,Japan,1.5999999999999999
2015,Sports,Japan,0.73
2015,Strategy,Japan,0.16
2016,Action,Japan,7.07
2016,Adventure,Japan,1.18
2016,Fighting,Japan,0.75
2016,Misc,Japan,1.04
2016,Platform,Japan,0.11
2016,Puzzle,Japan,0.0
2016,Racing,Japan,0.01
2016,Role-Playing,Japan,6.609999999999999
2016,Shooter,Japan,1.06
2016,Simulation,Japan,0.33
2016,Sports,Japan,0.92
2016,Strategy,Japan,0.22999999999999998
2017,Action,Japan,0.01
2017,Role-Playing,Japan,0.05
2020,Simulation,Japan,0.0
1980,Action,Other,0.0
1980,Fighting,Other,0.01
1980,Misc,Other,0.02
1980,Shooter,Other,0.08
1980,Sports,Other,0.01
1981,Action,Other,0.12
1981,Platform,Other,0.08
1981,Puzzle,Other,0.03
1981,Racing,Other,0.0
1981,Shooter,Other,0.09
1981,Simulation,Other,0.0
1981,Sports,Other,0.0
1982,Action,Other,0.05
1982,Misc,Other,0.01
1982,Platform,Other,0.06
1982,Puzzle,Other,0.11
1982,Racing,Other,0.01
1982,Shooter,Other,0.05
1982,Sports,Other,0.02
1983,Action,Other,0.02
1983,Adventure,Other,0.0
1983,Misc,Other,0.0
1983,Platform,Other,0.08
1983,Puzzle,Other,0.01
1983,Shooter,Other,0.01
1983,Sports,Other,0.02
1984,Action,Other,0.03
1984,Misc,Other,0.0
1984,Platform,Other,0.0
1984,Puzzle,Other,0.04
1984,Racing,Other,0.07
1984,Shooter,Other,0.5
1984,Sports,Other,0.06
1985,Action,Other,0.06
1985,Fighting,Other,0.0
1985,Platform,Other,0.8
1985,Puzzle,Other,0.03
1985,Shooter,Other,0.0
1985,Simulation,Other,0.01
1985,Sports,Other,0.02
1986,Action,Other,0.25
1986,Platform,Other,0.03
1986,Racing,Other,0.05
1986,Role-Playing,Other,1.51
1986,Shooter,Other,0.02
1986,Sports,Other,0.07
1987,Action,Other,0.01
1987,Adventure,Other,0.08
1987,Fighting,Other,0.1
1987,Platform,Other,0.01
1987,Role-Playing,Other,0.0
1987,Shooter,Other,0.0
1987,Sports,Other,0.0
1988,Action,Other,0.01
1988,Platform,Other,0.7000000000000001
1988,Puzzle,Other,0.11
1988,Racing,Other,0.1
1988,Role-Playing,Other,0.0
1988,Shooter,Other,0.01
1988,Simulation,Other,0.01
1988,Sports,Other,0.05
1989,Action,Other,0.05
1989,Misc,Other,0.0
1989,Platform,Other,0.47
1989,Puzzle,Other,0.83
1989,Role-Playing,Other,0.0
1989,Shooter,Other,0.04
1989,Sports,Other,0.11
1990,Action,Other,0.14
1990,Platform,Other,0.5700000000000001
1990,Puzzle,Other,0.13
1990,Racing,Other,0.47000000000000003
1990,Role-Playing,Other,0.02
1990,Simulation,Other,0.02
1990,Sports,Other,0.05
1991,Action,Other,0.15
1991,Adventure,Other,0.04
1991,Fighting,Other,0.0
1991,Misc,Other,0.0
1991,Platform,Other,0.17
1991,Puzzle,Other,0.11
1991,Racing,Other,0.04
1991,Role-Playing,Other,0.12
1991,Shooter,Other,0.05
1991,Simulation,Other,0.04
1991,Sports,Other,0.02
1991,Strategy,Other,0.0
1992,Action,Other,0.13
1992,Adventure,Other,0.29
1992,Fighting,Other,0.32
1992,Misc,Other,0.12000000000000001
1992,Platform,Other,0.34
1992,Puzzle,Other,0.08
1992,Racing,Other,0.18
1992,Role-Playing,Other,0.030000000000000002
1992,Shooter,Other,0.0
1992,Simulation,Other,0.1
1992,Sports,Other,0.05
1992,Strategy,Other,0.01
1993,Action,Other,0.03
1993,Adventure,Other,0.0
1993,Fighting,Other,0.09
1993,Misc,Other,0.0
1993,Platform,Other,0.65
1993,Puzzle,Other,0.030000000000000002
1993,Racing,Other,0.0
1993,Role-Playing,Other,0.02
1993,Shooter,Other,0.07
1993,Simulation,Other,0.0
1993,Sports,Other,0.0
1993,Strategy,Other,0.0
1994,Action,Other,0.02
1994,Adventure,Other,0.0
1994,Fighting,Other,0.2
1994,Misc,Other,0.1
1994,Platform,Other,1.1300000000000001
1994,Puzzle,Other,0.0
1994,Racing,Other,0.05
1994,Role-Playing,Other,0.04
1994,Shooter,Other,0.35
1994,Simulation,Other,0.05
1994,Sports,Other,0.13
1994,Strategy,Other,0.13
1995,Action,Other,0.14
1995,Adventure,Other,0.01
1995,Fighting,Other,0.56
1995,Misc,Other,0.09
1995,Platform,Other,0.5
1995,Puzzle,Other,0.01
1995,Racing,Other,0.31
1995,Role-Playing,Other,0.17
1995,Shooter,Other,0.12
1995,Simulation,Other,0.15
1995,Sports,Other,0.28
1995,Strategy,Other,0.3
1996,Action,Other,1.45
1996,Adventure,Other,0.12
1996,Fighting,Other,0.75
1996,Misc,Other,0.36
1996,Platform,Other,0.83
1996,Puzzle,Other,0.09000000000000001
1996,Racing,Other,0.8400000000000001
1996,Role-Playing,Other,1.39
1996,Shooter,Other,0.37
1996,Simulation,Other,0.48000000000000004
1996,Sports,Other,0.78
1996,Strategy,Other,0.23
1997,Action,Other,1.43
1997,Adventure,Other,0.22
1997,Fighting,Other,0.52
1997,Misc,Other,0.2
1997,Platform,Other,0.89
1997,Puzzle,Other,0.17
1997,Racing,Other,1.49
1997,Role-Playing,Other,1.51
1997,Shooter,Other,0.49
1997,Simulation,Other,0.54
1997,Sports,Other,1.4300000000000002
1997,Strategy,Other,0.24
1998,Action,Other,1.81
1998,Adventure,Other,0.44
1998,Fighting,Other,1.27
1998,Misc,Other,0.58
1998,Platform,Other,1.3
1998,Puzzle,Other,0.34
1998,Racing,Other,1.33
1998,Role-Playing,Other,1.15
1998,Shooter,Other,0.47000000000000003
1998,Simulation,Other,0.19
1998,Sports,Other,1.78
1998,Strategy,Other,0.35000000000000003
1999,Action,Other,1.24
1999,Adventure,Other,0.4
1999,Fighting,Other,0.32
1999,Misc,Other,0.68
1999,Platform,Other,0.8
1999,Puzzle,Other,0.060000000000000005
1999,Racing,Other,1.58
1999,Role-Playing,Other,1.93
1999,Shooter,Other,0.44
1999,Simulation,Other,0.6
1999,Sports,Other,1.26
1999,Strategy,Other,0.73
2000,Action,Other,1.61
2000,Adventure,Other,0.15
2000,Fighting,Other,1.21
2000,Misc,Other,0.73
2000,Platform,Other,0.98
2000,Puzzle,Other,0.19
2000,Racing,Other,1.35
2000,Role-Playing,Other,1.84
2000,Shooter,Other,0.46
2000,Simulation,Other,0.22
2000,Sports,Other,2.36
2000,Strategy,Other,0.52
2001,Action,Other,4.33
2001,Adventure,Other,0.48000000000000004
2001,Fighting,Other,1.18
2001,Misc,Other,0.92
2001,Platform,Other,2.56
2001,Puzzle,Other,0.18
2001,Racing,Other,4.54
2001,Role-Playing,Other,0.87
2001,Shooter,Other,1.67
2001,Simulation,Other,1.12
2001,Sports,Other,4.62
2001,Strategy,Other,0.26
2002,Action,Other,6.7299999999999995
2002,Adventure,Other,0.63
2002,Fighting,Other,1.57
2002,Misc,Other,0.68
2002,Platform,Other,2.4000000000000004
2002,Puzzle,Other,0.34
2002,Racing,Other,2.5700000000000003
2002,Role-Playing,Other,1.6700000000000002
2002,Shooter,Other,3.7800000000000002
2002,Simulation,Other,0.53
2002,Sports,Other,6.21
2002,Strategy,Other,0.16
2003,Action,Other,5.17
2003,Adventure,Other,0.16
2003,Fighting,Other,1.74
2003,Misc,Other,2.04
2003,Platform,Other,2.7800000000000002
2003,Puzzle,Other,0.07
2003,Racing,Other,4.47
2003,Role-Playing,Other,1.1500000000000001
2003,Shooter,Other,2.21
2003,Simulation,Other,1.2
2003,Sports,Other,4.55
2003,Strategy,Other,0.38
2004,Action,Other,16.21
2004,Adventure,Other,0.31
2004,Fighting,Other,1.36
2004,Misc,Other,2.14
2004,Platform,Other,2.82
2004,Puzzle,Other,0.54
2004,Racing,Other,11.23
2004,Role-Playing,Other,2.18
2004,Shooter,Other,3.19
2004,Simulation,Other,0.99
2004,Sports,Other,5.81
2004,Strategy,Other,0.46
2005,Action,Other,7.59
2005,Adventure,Other,0.64
2005,Fighting,Other,1.8
2005,Misc,Other,6.04
2005,Platform,Other,1.39
2005,Puzzle,Other,1.5699999999999998
2005,Racing,Other,5.35
2005,Role-Playing,Other,2.04
2005,Shooter,Other,3.19
2005,Simulation,Other,4.510000000000001
2005,Sports,Other,5.83
2005,Strategy,Other,0.34
2006,Action,Other,6.98
2006,Adventure,Other,1.05
2006,Fighting,Other,2.68
2006,Misc,Other,6.07
2006,Platform,Other,5.17
2006,Puzzle,Other,0.89
2006,Racing,Other,3.93
2006,Role-Playing,Other,5.37
2006,Shooter,Other,4.6000000000000005
2006,Simulation,Other,2.42
2006,Sports,Other,14.25
2006,Strategy,Other,0.54
2007,Action,Other,15.209999999999999
2007,Adventure,Other,2.2399999999999998
2007,Fighting,Other,4.08
2007,Misc,Other,11.83
2007,Platform,Other,3.66
2007,Puzzle,Other,1.92
2007,Racing,Other,6.4399999999999995
2007,Role-Playing,Other,3.22
2007,Shooter,Other,8.42
2007,Simulation,Other,4.68
2007,Sports,Other,14.25
2007,Strategy,Other,0.8
2008,Action,Other,18.26
2008,Adventure,Other,1.91
2008,Fighting,Other,3.8400000000000003
2008,Misc,Other,10.88
2008,Platform,Other,4.8500000000000005
2008,Puzzle,Other,1.29
2008,Racing,Other,8.59
2008,Role-Playing,Other,5.59
2008,Shooter,Other,7.45
2008,Simulation,Other,3.93
2008,Sports,Other,13.92
2008,Strategy,Other,0.91
2009,Action,Other,16.37
2009,Adventure,Other,1.59
2009,Fighting,Other,3.96
2009,Misc,Other,9.23
2009,Platform,Other,4.28
2009,Puzzle,Other,1.61
2009,Racing,Other,5.38
2009,Role-Playing,Other,3.38
2009,Shooter,Other,8.42
2009,Simulation,Other,3.11
2009,Sports,Other,15.040000000000001
2009,Strategy,Other,1.07
2010,Action,Other,12.48
2010,Adventure,Other,1.3599999999999999
2010,Fighting,Other,1.66
2010,Misc,Other,7.97
2010,Platform,Other,2.5100000000000002
2010,Puzzle,Other,0.88
2010,Racing,Other,5.03
2010,Role-Playing,Other,4.53
2010,Shooter,Other,8.24
2010,Simulation,Other,2.14
2010,Sports,Other,10.35
2010,Strategy,Other,1.42
2011,Action,Other,13.0
2011,Adventure,Other,1.44
2011,Fighting,Other,2.18
2011,Misc,Other,4.74
2011,Platform,Other,2.62
2011,Puzzle,Other,0.42
2011,Racing,Other,3.62
2011,Role-Playing,Other,4.8500000000000005
2011,Shooter,Other,11.28
2011,Simulation,Other,1.34
2011,Sports,Other,6.44
2011,Strategy,Other,0.82
2012,Action,Other,13.94
2012,Adventure,Other,0.38
2012,Fighting,Other,0.91
2012,Misc,Other,1.58
2012,Platform,Other,1.46
2012,Puzzle,Other,0.06
2012,Racing,Other,2.05
2012,Role-Playing,Other,3.35
2012,Shooter,Other,8.49
2012,Simulation,Other,0.73
2012,Sports,Other,2.99
2012,Strategy,Other,0.25
2013,Action,Other,14.629999999999999
2013,Adventure,Other,0.61
2013,Fighting,Other,0.83
2013,Misc,Other,2.06
2013,Platform,Other,2.31
2013,Puzzle,Other,0.05
2013,Racing,Other,1.55
2013,Role-Playing,Other,2.84
2013,Shooter,Other,7.24
2013,Simulation,Other,0.57
2013,Sports,Other,5.09
2013,Strategy,Other,0.5700000000000001
2014,Action,Other,11.99
2014,Adventure,Other,0.5700000000000001
2014,Fighting,Other,1.16
2014,Misc,Other,2.89
2014,Platform,Other,0.9299999999999999
2014,Puzzle,Other,0.09999999999999999
2014,Racing,Other,1.66
2014,Role-Playing,Other,3.2600000000000002
2014,Shooter,Other,8.05
2014,Simulation,Other,0.37
2014,Sports,Other,5.8100000000000005
2014,Strategy,Other,0.04
2015,Action,Other,7.51
2015,Adventure,Other,0.88
2015,Fighting,Other,1.03
2015,Misc,Other,1.0
2015,Platform,Other,0.44
2015,Puzzle,Other,0.01
2015,Racing,Other,0.9500000000000001
2015,Role-Playing,Other,3.98
2015,Shooter,Other,8.46
2015,Simulation,Other,0.39
2015,Sports,Other,5.53
2015,Strategy,Other,0.13
2016,Action,Other,3.07
2016,Adventure,Other,0.37
2016,Fighting,Other,0.54
2016,Misc,Other,0.14
2016,Platform,Other,0.44
2016,Puzzle,Other,0.0
2016,Racing,Other,0.28
2016,Role-Playing,Other,1.4
2016,Shooter,Other,5.02
2016,Simulation,Other,0.13
2016,Sports,Other,3.02
2016,Strategy,Other,0.07
2017,Action,Other,0.0
2017,Role-Playing,Other,0.0
2020,Simulation,Other,0.02
1980,Action,Worldwide,0.34
1980,Fighting,Worldwide,0.77
1980,Misc,Worldwide,2.71
1980,Shooter,Worldwide,7.069999999999999
1980,Sports,Worldwide,0.49
1981,Action,Worldwide,14.84
1981,Platform,Worldwide,6.93
1981,Puzzle,Worldwide,2.2399999999999998
1981,Racing,Worldwide,0.48
1981,Shooter,Worldwide,10.040000000000001
1981,Simulation,Worldwide,0.45
1981,Sports,Worldwide,0.79
1982,Action,Worldwide,6.5200000000000005
1982,Misc,Worldwide,0.87
1982,Platform,Worldwide,5.03
1982,Puzzle,Worldwide,10.03
1982,Racing,Worldwide,1.5699999999999998
1982,Shooter,Worldwide,3.79
1982,Sports,Worldwide,1.05
1983,Action,Worldwide,2.86
1983,Adventure,Worldwide,0.4
1983,Misc,Worldwide,2.14
1983,Platform,Worldwide,6.93
1983,Puzzle,Worldwide,0.78
1983,Shooter,Worldwide,0.48
1983,Sports,Worldwide,3.2
1984,Action,Worldwide,1.85
1984,Misc,Worldwide,1.45
1984,Platform,Worldwide,0.69
1984,Puzzle,Worldwide,3.14
1984,Racing,Worldwide,5.95
1984,Shooter,Worldwide,31.099999999999998
1984,Sports,Worldwide,6.18
1985,Action,Worldwide,3.52
1985,Fighting,Worldwide,1.05
1985,Platform,Worldwide,43.17
1985,Puzzle,Worldwide,3.21
1985,Shooter,Worldwide,1.0
1985,Simulation,Worldwide,0.03
1985,Sports,Worldwide,1.96
1986,Action,Worldwide,13.74
1986,Platform,Worldwide,9.39
1986,Racing,Worldwide,1.96
1986,Role-Playing,Worldwide,2.52
1986,Shooter,Worldwide,3.89
1986,Sports,Worldwide,5.57
1987,Action,Worldwide,1.12
1987,Adventure,Worldwide,4.38
1987,Fighting,Worldwide,5.42
1987,Platform,Worldwide,1.7400000000000002
1987,Role-Playing,Worldwide,4.65
1987,Shooter,Worldwide,0.71
1987,Sports,Worldwide,3.7199999999999998
1988,Action,Worldwide,1.75
1988,Platform,Worldwide,27.73
1988,Puzzle,Worldwide,5.58
1988,Racing,Worldwide,2.14
1988,Role-Playing,Worldwide,5.88
1988,Shooter,Worldwide,0.51
1988,Simulation,Worldwide,0.03
1988,Sports,Worldwide,3.5999999999999996
1989,Action,Worldwide,4.64
1989,Misc,Worldwide,1.28
1989,Platform,Worldwide,20.66
1989,Puzzle,Worldwide,37.75
1989,Role-Playing,Worldwide,2.2
1989,Shooter,Worldwide,1.2
1989,Sports,Worldwide,5.720000000000001
1990,Action,Worldwide,6.390000000000001
1990,Platform,Worldwide,22.97
1990,Puzzle,Worldwide,6.0
1990,Racing,Worldwide,6.26
1990,Role-Playing,Worldwide,4.52
1990,Simulation,Worldwide,1.14
1990,Sports,Worldwide,2.11
1991,Action,Worldwide,6.76
1991,Adventure,Worldwide,2.24
1991,Fighting,Worldwide,0.39
1991,Misc,Worldwide,0.08
1991,Platform,Worldwide,7.64
1991,Puzzle,Worldwide,3.24
1991,Racing,Worldwide,1.14
1991,Role-Playing,Worldwide,3.25
1991,Shooter,Worldwide,2.0
1991,Simulation,Worldwide,2.14
1991,Sports,Worldwide,2.41
1991,Strategy,Worldwide,0.94
1992,Action,Worldwide,3.83
1992,Adventure,Worldwide,12.24
1992,Fighting,Worldwide,15.25
1992,Misc,Worldwide,4.9399999999999995
1992,Platform,Worldwide,13.42
1992,Puzzle,Worldwide,4.84
1992,Racing,Worldwide,9.04
1992,Role-Playing,Worldwide,6.86
1992,Shooter,Worldwide,0.29000000000000004
1992,Simulation,Worldwide,2.14
1992,Sports,Worldwide,2.9499999999999997
1992,Strategy,Worldwide,0.37
1993,Action,Worldwide,1.81
1993,Adventure,Worldwide,0.07
1993,Fighting,Worldwide,8.75
1993,Misc,Worldwide,0.3
1993,Platform,Worldwide,18.67
1993,Puzzle,Worldwide,3.17
1993,Racing,Worldwide,0.36
1993,Role-Playing,Worldwide,5.59
1993,Shooter,Worldwide,3.08
1993,Simulation,Worldwide,0.19
1993,Sports,Worldwide,3.18
1993,Strategy,Worldwide,0.81
1994,Action,Worldwide,1.5499999999999998
1994,Adventure,Worldwide,3.74
1994,Fighting,Worldwide,8.48
1994,Misc,Worldwide,2.8600000000000003
1994,Platform,Worldwide,28.740000000000002
1994,Puzzle,Worldwide,1.53
1994,Racing,Worldwide,2.19
1994,Role-Playing,Worldwide,7.11
1994,Shooter,Worldwide,8.3
1994,Simulation,Worldwide,2.73
1994,Sports,Worldwide,8.39
1994,Strategy,Worldwide,3.56
1995,Action,Worldwide,3.57
1995,Adventure,Worldwide,0.72
1995,Fighting,Worldwide,14.85
1995,Misc,Worldwide,6.3999999999999995
1995,Platform,Worldwide,16.69
1995,Puzzle,Worldwide,2.71
1995,Racing,Worldwide,6.09
1995,Role-Playing,Worldwide,14.26
1995,Shooter,Worldwide,4.15
1995,Simulation,Worldwide,4.18
1995,Sports,Worldwide,7.9799999999999995
1995,Strategy,Worldwide,6.51
1996,Action,Worldwide,20.58
1996,Adventure,Worldwide,4.19
1996,Fighting,Worldwide,18.06
1996,Misc,Worldwide,10.68
1996,Platform,Worldwide,28.23
1996,Puzzle,Worldwide,3.9099999999999997
1996,Racing,Worldwide,28.24
1996,Role-Playing,Worldwide,43.96
1996,Shooter,Worldwide,6.91
1996,Simulation,Worldwide,11.33
1996,Sports,Worldwide,17.45
1996,Strategy,Worldwide,5.61
1997,Action,Worldwide,27.580000000000002
1997,Adventure,Worldwide,4.96
1997,Fighting,Worldwide,11.76
1997,Misc,Worldwide,5.69
1997,Platform,Worldwide,21.85
1997,Puzzle,Worldwide,5.89
1997,Racing,Worldwide,31.91
1997,Role-Playing,Worldwide,21.79
1997,Shooter,Worldwide,22.17
1997,Simulation,Worldwide,9.65
1997,Sports,Worldwide,30.02
1997,Strategy,Worldwide,7.71
1998,Action,Worldwide,39.44
1998,Adventure,Worldwide,9.05
1998,Fighting,Worldwide,31.66
1998,Misc,Worldwide,11.94
1998,Platform,Worldwide,29.88
1998,Puzzle,Worldwide,6.34
1998,Racing,Worldwide,27.900000000000002
1998,Role-Playing,Worldwide,28.080000000000002
1998,Shooter,Worldwide,9.799999999999999
1998,Simulation,Worldwide,7.11
1998,Sports,Worldwide,41.79
1998,Strategy,Worldwide,13.46
1999,Action,Worldwide,27.77
1999,Adventure,Worldwide,7.6
1999,Fighting,Worldwide,14.26
1999,Misc,Worldwide,20.65
1999,Platform,Worldwide,20.82
1999,Puzzle,Worldwide,1.3599999999999999
1999,Racing,Worldwide,37.27
1999,Role-Playing,Worldwide,49.09
1999,Shooter,Worldwide,12.25
1999,Simulation,Worldwide,11.44
1999,Sports,Worldwide,30.29
1999,Strategy,Worldwide,18.45
2000,Action,Worldwide,34.04
2000,Adventure,Worldwide,2.98
2000,Fighting,Worldwide,20.22
2000,Misc,Worldwide,15.540000000000001
2000,Platform,Worldwide,16.06
2000,Puzzle,Worldwide,3.82
2000,Racing,Worldwide,19.99
2000,Role-Playing,Worldwide,29.03
2000,Shooter,Worldwide,6.81
2000,Simulation,Worldwide,3.38
2000,Sports,Worldwide,41.19
2000,Strategy,Worldwide,8.52
2001,Action,Worldwide,59.39
2001,Adventure,Worldwide,9.12
2001,Fighting,Worldwide,18.12
2001,Misc,Worldwide,16.4
2001,Platform,Worldwide,39.28
2001,Puzzle,Worldwide,8.0
2001,Racing,Worldwide,55.81
2001,Role-Playing,Worldwide,22.060000000000002
2001,Shooter,Worldwide,24.77
2001,Simulation,Worldwide,19.54
2001,Sports,Worldwide,51.43
2001,Strategy,Worldwide,7.55
2002,Action,Worldwide,86.76
2002,Adventure,Worldwide,11.05
2002,Fighting,Worldwide,25.02
2002,Misc,Worldwide,15.67
2002,Platform,Worldwide,45.97
2002,Puzzle,Worldwide,5.34
2002,Racing,Worldwide,30.2
2002,Role-Playing,Worldwide,45.13
2002,Shooter,Worldwide,48.58
2002,Simulation,Worldwide,10.809999999999999
2002,Sports,Worldwide,65.42
2002,Strategy,Worldwide,5.56
2003,Action,Worldwide,67.92999999999999
2003,Adventure,Worldwide,2.14
2003,Fighting,Worldwide,23.73
2003,Misc,Worldwide,23.82
2003,Platform,Worldwide,42.89
2003,Puzzle,Worldwide,2.42
2003,Racing,Worldwide,52.19
2003,Role-Playing,Worldwide,30.26
2003,Shooter,Worldwide,27.13
2003,Simulation,Worldwide,21.19
2003,Sports,Worldwide,56.11
2003,Strategy,Worldwide,7.99
2004,Action,Worldwide,76.25
2004,Adventure,Worldwide,8.69
2004,Fighting,Worldwide,16.78
2004,Misc,Worldwide,31.32
2004,Platform,Worldwide,47.22
2004,Puzzle,Worldwide,8.4
2004,Racing,Worldwide,47.83
2004,Role-Playing,Worldwide,53.95
2004,Shooter,Worldwide,46.95
2004,Simulation,Worldwide,10.83
2004,Sports,Worldwide,63.67
2004,Strategy,Worldwide,7.16
2005,Action,Worldwide,85.53
2005,Adventure,Worldwide,8.44
2005,Fighting,Worldwide,19.71
2005,Misc,Worldwide,61.08
2005,Platform,Worldwide,23.39
2005,Puzzle,Worldwide,20.419999999999998
2005,Racing,Worldwide,56.03
2005,Role-Playing,Worldwide,28.42
2005,Shooter,Worldwide,41.55
2005,Simulation,Worldwide,48.92
2005,Sports,Worldwide,59.51
2005,Strategy,Worldwide,5.31
2006,Action,Worldwide,66.13
2006,Adventure,Worldwide,11.37
2006,Fighting,Worldwide,22.42
2006,Misc,Worldwide,67.07000000000001
2006,Platform,Worldwide,49.35
2006,Puzzle,Worldwide,10.8
2006,Racing,Worldwide,33.86
2006,Role-Playing,Worldwide,57.37
2006,Shooter,Worldwide,38.24
2006,Simulation,Worldwide,21.56
2006,Sports,Worldwide,135.83
2006,Strategy,Worldwide,4.22
2007,Action,Worldwide,104.97
2007,Adventure,Worldwide,24.1
2007,Fighting,Worldwide,17.49
2007,Misc,Worldwide,91.52
2007,Platform,Worldwide,35.1
2007,Puzzle,Worldwide,23.740000000000002
2007,Racing,Worldwide,38.87
2007,Role-Playing,Worldwide,43.45
2007,Shooter,Worldwide,70.67
2007,Simulation,Worldwide,48.42
2007,Sports,Worldwide,97.78
2007,Strategy,Worldwide,9.26
2008,Action,Worldwide,135.01
2008,Adventure,Worldwide,24.71
2008,Fighting,Worldwide,35.04
2008,Misc,Worldwide,86.05
2008,Platform,Worldwide,35.14
2008,Puzzle,Worldwide,15.29
2008,Racing,Worldwide,70.03
2008,Role-Playing,Worldwide,59.03
2008,Shooter,Worldwide,59.22
2008,Simulation,Worldwide,46.09
2008,Sports,Worldwide,94.63
2008,Strategy,Worldwide,11.55
2009,Action,Worldwide,137.66
2009,Adventure,Worldwide,20.2
2009,Fighting,Worldwide,31.88
2009,Misc,Worldwide,75.8
2009,Platform,Worldwide,40.58
2009,Puzzle,Worldwide,19.8
2009,Racing,Worldwide,33.65
2009,Role-Playing,Worldwide,47.29
2009,Shooter,Worldwide,69.3
2009,Simulation,Worldwide,33.03
2009,Sports,Worldwide,137.33
2009,Strategy,Worldwide,12.36
2010,Action,Worldwide,115.49
2010,Adventure,Worldwide,16.0
2010,Fighting,Worldwide,14.72
2010,Misc,Worldwide,95.2
2010,Platform,Worldwide,30.98
2010,Puzzle,Worldwide,10.74
2010,Racing,Worldwide,34.36
2010,Role-Playing,Worldwide,69.57000000000001
2010,Shooter,Worldwide,76.87
2010,Simulation,Worldwide,21.55
2010,Sports,Worldwide,91.34
2010,Strategy,Worldwide,13.77
2011,Action,Worldwide,116.76
2011,Adventure,Worldwide,15.61
2011,Fighting,Worldwide,22.37
2011,Misc,Worldwide,54.45
2011,Platform,Worldwide,27.71
2011,Puzzle,Worldwide,4.95
2011,Racing,Worldwide,34.83
2011,Role-Playing,Worldwide,52.85
2011,Shooter,Worldwide,98.17
2011,Simulation,Worldwide,15.13
2011,Sports,Worldwide,56.12
2011,Strategy,Worldwide,8.84
2012,Action,Worldwide,119.1
2012,Adventure,Worldwide,5.8
2012,Fighting,Worldwide,9.2
2012,Misc,Worldwide,22.21
2012,Platform,Worldwide,18.37
2012,Puzzle,Worldwide,1.72
2012,Racing,Worldwide,13.68
2012,Role-Playing,Worldwide,46.91
2012,Shooter,Worldwide,71.8
2012,Simulation,Worldwide,13.36
2012,Sports,Worldwide,30.42
2012,Strategy,Worldwide,3.27
2013,Action,Worldwide,122.57
2013,Adventure,Worldwide,6.07
2013,Fighting,Worldwide,7.04
2013,Misc,Worldwide,25.28
2013,Platform,Worldwide,24.59
2013,Puzzle,Worldwide,0.95
2013,Racing,Worldwide,12.33
2013,Role-Playing,Worldwide,44.42
2013,Shooter,Worldwide,62.05
2013,Simulation,Worldwide,8.620000000000001
2013,Sports,Worldwide,41.23
2013,Strategy,Worldwide,6.09
2014,Action,Worldwide,97.3
2014,Adventure,Worldwide,5.61
2014,Fighting,Worldwide,15.83
2014,Misc,Worldwide,23.349999999999998
2014,Platform,Worldwide,8.78
2014,Puzzle,Worldwide,1.49
2014,Racing,Worldwide,16.64
2014,Role-Playing,Worldwide,45.57
2014,Shooter,Worldwide,65.26
2014,Simulation,Worldwide,5.59
2014,Sports,Worldwide,45.1
2014,Strategy,Worldwide,0.99
2015,Action,Worldwide,72.04
2015,Adventure,Worldwide,8.15
2015,Fighting,Worldwide,7.92
2015,Misc,Worldwide,11.56
2015,Platform,Worldwide,6.06
2015,Puzzle,Worldwide,0.72
2015,Racing,Worldwide,8.07
2015,Role-Playing,Worldwide,37.660000000000004
2015,Shooter,Worldwide,67.49
2015,Simulation,Worldwide,5.64
2015,Sports,Worldwide,40.9
2015,Strategy,Worldwide,1.84
2016,Action,Worldwide,30.23
2016,Adventure,Worldwide,3.83
2016,Fighting,Worldwide,4.4399999999999995
2016,Misc,Worldwide,2.63
2016,Platform,Worldwide,3.21
2016,Puzzle,Worldwide,0.01
2016,Racing,Worldwide,2.83
2016,Role-Playing,Worldwide,18.12
2016,Shooter,Worldwide,38.23
2016,Simulation,Worldwide,1.89
2016,Sports,Worldwide,23.53
2016,Strategy,Worldwide,1.1500000000000001
2017,Action,Worldwide,0.01
2017,Role-Playing,Worldwide,0.05
2020,Simulation,Worldwide,0.29
