Protein_ID,Name,Function_Class,Sequence,Length,Organism
P00001,Lactase,Enzyme,DKMLLGHDVQGAVLTHCAHLWTQYAKHWRMIQQGSWDNFCMQPDQKHMQGQGHQMVLSQMYNIRFGMQGLIYEEGFSLGEQMSTEDYQPDYKGCHNWWFDTHQVSGIIWVQYEYGVYHYGNWIQGYIHSMLTQTHDCQQASNMLKKVVQVITQIEYLDNEERPGTLVRDLHLDVDTQANVQYPDGHHPLYQDSSEYYYEAVGRFVDLLHEDWDMQDDYDKASLIQQYDYKKQAEMPEWQQQNLQCQQGACYCIKQDKVHQWKGDDECFYGYQRRGEEYGSQVKLCRIRVLYNIRYAEVIRKDDQRCGFTMPQGDQMAARDEIQEHKSVTGFIWIGENANTLSNHEITDKYDIFELRQHSESRQTQQMLLALEFNGMYWFDDYDYAVYYQQCGQQYSYGL,399,Yeast
P00002,Amylase,Enzyme,QKYCYSMQWNQQHDTWQDYYGMNLRCYQPPGHPIDMYDLMQTTGQQYCVYRCQWQWTIAVEDKQSLGPQPQPYHQIHQREDNEHQMPQYTEFFCSKIQQDHTGEWQYQDKQQGWPSYQWRCQYGNQPAYYQQRGQYASWQRIDRQFDRYRYRRYSPAGEDVAATKSCQTKYSDYQFQCVTQSCDMWWLVLDMCGCDFWFVFAWPSWNHEIYDMYQWMYDVMQTRCCEFAEYKRLNRFMCMCACLGKEYCLHREQAVNDRTQHFPFWFFPMYMKSQFSQGGPMEQKRLYINSHIMKAHMTHPSAMQQYFDGRQSSQYQADQMVDKYLYPPMYEHCGC,336,C. elegans
P00003,Pepsin,Enzyme,STTEHVGTKQDAQECPYDKYYPSLELRGGTYIGATYMPDEEERPQVQRNCQAKKHAYQKEQEIHRQDQQQFQGIQYHRNWCGPSNRQSQDCPQALCNQQKDMDMQPSAQHKMDWGLVPSHIYNHNQRPLYQQLDSMWEEAMMEIPYFEWPFDGYTEAFYWWIPAKCYGQVCRADQHTVQYFYSYYNPAHDLMGQRVVPQMKARDYFFWQGHRDIQSCRLPDLRMQMSEMHCDQEFMWHMQRTYPVDQECMYGEMKCAQMQCFKGEGDDYPSFQQMEQIKQFEIQQQNGYSGLHWFVESEVQRYCEYKLPGFGHQYQQGTSDYQG,324,Human
P00004,Trypsin,Enzyme,TCDWPNWIWVPQNSELQYLNGQCHFQWQDKRVLAAYTIQGQQLNGDMGIMKKHAGAFGQGGEKIQCVDQPFDPGCSHYQDKPYYDYYDGEDKGMYYMYWSDLYYKWFRQEVERYMYKQSDQVQDFTDFHSEFYQQEFGLIQTGECFQNCLYDMADEMQFSQTESIQSGWWPETYNQVGGGGGEPWQHYQMLDNWSMHPYSTWASTRLDYYFSAPQITRDHFSRAQAPSFHEYWMVEDFQPHEGEGTYWGRYNDRDVVLFYIQSIYDTHDVQQEPEFIPSYEENCSQVYRQDSYQSVHQPDEDFEQAPQFGCIGTHQRINQMEQYAQSFVWRNGNVHDFMWDDNYYKGWFAFRQLFQQTKIVQQAQDYTKTDPAQELEQPDCGMEGQEQRYHWQDDMDQEVDQVQNYGRDGQNDYGYCYLRVNTSESNITAMRDHQQGKSMTTCHHHYGEQMVADYPQVQCACLINYKCRDWTVFDAREAH,480,Mouse
P00005,Catalase,Enzyme,RMDQKYGVFKSYQTPYIGSEAETKLDYMWPEKHLNRSQMDNQEEQFIEHPFMGWSWCIHMYVKYERQCEQERESFHQMDVHWNGSDYQISLQQRGHDPYFYGDFQFNLQKTQCRHQNQYLQPGSGGYGQVNFDCQEGIYQSKGLRSFCFPIQKQQQHQWDIRDPPYTIQWDQIMITFDFHQGRTEKNVGCITCYDGVSCMLYARMMPQYQQVHSGPQPQDNCTNYYQGNDNLYVQQDDGDRWHWDKEFLDPPPQESVQYDLFADYPPMQVYDNFWRGEKLQYVQHREGDVQQFCNTKQAAAGEPYGGQFGQYEYEPKQQVWMDYMHGDHRKWKDGDGAQFWDQLQYAHDHLCYHPYFDPQCNMCYQTNEGRNTEFRNYMKCEWRKRKEGFYNPLTYEGKCLTSLLKDQQESDGIQYQHKMNNAVGAKWQAQYGMGSNVFEQCEGPRLGEQPMIAFQLIYQYVQVIQPRTSYWDQRQMCAEQLDVRNQRC,489,C. elegans
P00006,DNA Polymerase,Enzyme,MVMFGKKPGEFEHPCTLQYESCDKLHGTFYVLPSYKPGYYACQYAWNQHTVDYNGQVRAYRDGQQRPEYSGQVQWILGDMQHWYGKQNQEDVGQALKKDGPDLGYRDCTGTCNGCFEGMILQNEDDQYSQEFEQDMWGPGLEDRSWWCDQGYGEVQEKLSNYHCQVTLEQFYAQGGPQDQGFYWEHFMMNCRPVEFQYERGLIAYWRQGRLYHLPQEYYRKNTTYKGCKDHDARITSDQKERDPPSSWAAQCNAHWIKVILLMNYRKFQQLHLNHGSDQWWCQSQDKQYQGADLPMKDMCCSINGLIQQEDCKWEQHGDFQVRLVNWNKMPRTEEYDCEVCY,342,E. coli
P00007,RNA Polymerase,Enzyme,GGQTQHTHEENVSAYQFMDDSIQQEKSVQCDFQARQQVLCIWGTMQMQTGKYQWQQSNRLHHYGQSIMAQFQRQRWCDNNQYEKEFNPCKFQQERGLGAYLYQVQQTYKNIWYSRCRYQCGYHQVLYTGYFYSKDQLCDEEWPCGFAQVQEGVIEYEPGYEYGRPNVNSVSFGQLQHIFHYELWTIWWGQQQQSLDQHSDIYRTRDMEFEYGRRPGMCVIEVDNVKFIEWGWWDQICIYNGGNQCQFDQTDEPWEEQYQDALYDMTQKQCPCCVGNYGPDQGLEKPMEDQDTDFYICILKAYMCCIFNNCRHVTQKETGGKQLWYGMWWPGHSQMFEQYAGYYSCQLWLQENMQQYQHQASPAVDYRAYDTEINQFNGEIAWETWQHVKDPVGCKCPASFVYQYGLQVQQEQRIQKIDQIYQQQRQGVSDVEEWRGTMVTQAELCGEMSLQEVLQQQFYTQYQQRSGVKNDAAQMHWWWVGMQRSHKGF,489,Mouse
P00008,Kinase,Enzyme,CGQYTGTSWKPCGMIVQHTGGQEYDFGHMSAFYMCKMQPQCFAEQFDEGCSTDGATQYQYTKDWKELYHQMVHFDGIKHSQGEENQDEGFGMCNQYEEKQTSWGDCFGFDQNVDGRQAKEGAGHQFYVCVGEGAEHGQMEFRFNQETDTIGISDQPNQDEDPNYMVVTQAKFQVTEECSNMISWPDQRVIQAAKDDWFQMDDKTPKGQVAQDGWHEESWHWTQTGMEQIACLEQQPSDMRKELDAWYEPFFWMISEHDAQGYYQKVKDEHATQRKITYEGNDLECNDQAGATLSHPSQLGNDFAAIIDYGEWVNMRKTQYYTQQ,324,C. elegans
P00009,Phosphatase,Enzyme,HQYMNKKAYDGYDCKPDFDLFFIDERAMLLGFNVAKRPWTWPQRHQSRDDPKSYDRMKVNIEISGFHCPGWTHEDAVEKGYYNNGSAYYTANGQVMYTKQLDMSYSQRQPNSWTNEEDPAEQPYGRAGHGGYHWDDEWPGEQGRDGKEITDLISWVQQHIMESGEYFEPQESWIDVKVEYYYWPESTMWIYARFDSYYNQQYYMRVLQNEYYQVLQLWQYKCDVMYDGIGKKDGR,235,Human
P00010,Lipase,Enzyme,RQYNECWHQQTRPQQEYEKMSEDQQIHDDDLMEHADQDGALYHEYYQRQNLRMQHKSFMNVRGYEFYYMDIGQWYDQQYMQWQGGQLCPFMTIMVPQYQNVGNLMWFNEMPGPSGPLCSHYMRKIDLNWCQGFTSERDYGSRYQGCIQDTCYQYQQQGALQARHTDAHTDFRIVWMGVQQRPCYQIRYYLDWAGLILGGDYAQNACQVAAVQQ,213,Mouse
P00011,Protease,Enzyme,VCNRQGSYWVMCHHQRKVMKSYLLNLFEMKAPTYNGAGVDHQTVVGRGPNMQDQIKENYQGDAAQIEEEQSNFTVQYQMQQWIVKAQSRPCEGYRQGYPVWESSYYQCDFVWTQYWDHASIHQPIKQNDEQGHDYQTVYYPKQPQVPHDVERAAKMQYQFQTQFPEQVKLKNYYCCNGSIPTQGMCGGSQTQLQDRACSPEQRDACWHQDITKQYYRCLMQNEEITWMYLTLYHFHDQFGQQEEQGHDSEGAGKYTNQIGNKCKNPVLQQCESEYQNGAQLHEDFQLEPTHSIICGYAQMMDKMAFYQAIYQCMPHCFKFGTVHTQHWDFQTHFNYYLPGQFQTGAFYVQNCNKFHYYAMLNCDVICDVDLYGLWSIDYEGSVDTEVLQWQQYERGWSHSCSHGVQDYHYVYPYQAPGLGWMQEYSDKKDHCWGMDFDEIIIKYLDTCQCQVMVMDTHPFEQLGRHKLFRQQCMDFREQGEDQWMFIEERPENEHSIVYQDMSDGAWDS,509,Fruit Fly
P00012,Nuclease,Enzyme,MPHGQRKMKQHCVWNALQCKYQKGQNSDETVEFKDDYYQEKAFVCHYMIQWNHHVMWKHWEYPQDIQKGGHETDTIEHSQWNVYEQDCGQSQAIHQTACKADQTCQAYSTECEPGQEQICHHNTFQVDWWKKGKCYKVKQCAVVQHIQYHYFSEGYWQVYQMELSRHQETGQVQWGFWNDTWHQNWCFYYKQYKYEYRCQHRIDHLPHGKLEFCAIWSVTRCQGVRLFKHGHQWMAIHEPQGMLALIHANQDQVNRFWEDCSSVCMFQRDCTPWAYDRCQVMNGQMYYPTNQPGQDNKYGGFEFCHSHQLESWFQGQQFTETTQHKLTR,329,E. coli
P00013,Helicase,Enzyme,DLTYKVDKYDHSPFCRRMPTMELHQACWEHSHYWIYKYRGSDQHVFFMTHRTRPFFKPWTYFEEYQIIGSHEDQQDIGPAGWPIYREMGYSTAQEQSYYEQNMEDRVRCTDEFNPPGQCYYGIQQCWSVINGYNYYYMEQEQKDKITYGLQQDGGQCGAEDDMGVWETGNPGKIDKHNYYEMYDDCYEMNYLQEEFWQIYSAIRQQCSHQ,210,Mouse
P00014,Ligase,Enzyme,YKRMQAFDRCQYLGEQTMGRTHQNQQLVTIMQYEMPLEQTAHSTDEMIQALVISYTNERYYPGNQTQYWKQGLEQASLYQGATPVLPRMNTGQNQMQFALSLYFDIMQWGKAQIYVGIRGQQGYIVIQTRFELSHYEDMKPQCMPQQCFFQQIGIQNYCEPAQQGEGFSCETPHGCMFWFDKDSGISGVPGSDWECMKFTVALPQPSFCQFQMDHGRKLVQTCYTQDHGWVCFEQSTQCQCQHGYNNYNYQEDGYCMNEQESDMDHIMDNLQEQNCGKDPNIIMFQLEYKWDHDYQKQDMGWSGRNQYSGAYGMCAEHDFLISHYECQDQRWIDFSRHHACRQDQYHIDEHTRQHLGLVNENVKQQQRTEFCSQIRECIQKKL,383,C. elegans
P00015,Transferase,Enzyme,FIGVAKGMKFVMYPANGLTMCRHTSWCAYQQYKEAESSYMNQANQKRVNYHHVIQCRADQHMRYQGDYEFNLQGEQAYTIRWTSWQWLIYNHFPCGGIHQTYIQGQESQINDGQWYEPNITQDDQCYCGLQANGQKCEFIWQPTTLKGWK,150,Yeast
P00016,Oxidase,Enzyme,ETDTKIEEFQQQRQEHYYCCCQDPYSLHCYAYHAQRPQYNPIWYCAIQQSQTIYQEQAIELPVMYISKSPYVYGQHQSGYCHQQKTAQMRPMTQIKAMSRPQACQQTHQPYQVAQHMLSDDQFKKSMQGSKWKDHQHCGPCNSGNYRQGWVRPIDHNQHYLHGHDSVQCYWQQFTYQQTHDMDAVSQSTCWQQNNHQADERVEMHEAGFYQAIQFFQEKIPIPCEPQSQQGLFNVKYGYQDCWDVNNDYQGPTEEQLEKQFGKVQCKYHDKFPCNFKSITAQYDAYG,287,C. elegans
P00017,Reductase,Enzyme,DYRDSHMDMTFKLEYFPVYKTMDGGDFFMIMLTQRYEADAESQWAQWEDYQQFGDEIDQQQMQYDTICNQETHFQQQSDEDFQPDMRGGQSFDYPQYGLHIPQGYLYQCRLGHVPVPRGPIRYSCKWFEDKDDATIPEYQDLFYHHYEYVDYIESQAKFDMATQWFYRQWDIPDKYNQTQIISKAQPYIDQWQCQDQWCPWFTGWAELMWQGSEHEDEVICYRGQLEDQQEAYPYQQENNTGQQAYDAMAQEDIDMNDMYMDSHIIQFGQLPDQQKGIQQWLPIGCFSQDSIQYPMPLRQQYTEDMQE,308,C. elegans
P00018,Dehydrogenase,Enzyme,FCHQSYQYRYNKECWPLGFIECKAQGYSGPFLHNRLSDCDAGHVVDGQIGDNNPDQQQNRQGNDRQFSMQTQKEKWTPDTYLVQQDSKVQEARIQAEMDYEHGPQWQSDDWPVCFFYQSSFEGPMGKAETNYGNQSYTGQLQGYWGYPQAARKEAQVLPHQDGAHTQAEHGTIDIGRVQHIDVGYQKTYFHHWNGGFLAGFDVETYIEIEGAGKWTAEGAKGQHQRQGTTNYYTTCHAGQCVMQQACTLSHKCNQQLMSGVDPQGTHADFYLYNECQAVSIIQQCQKLEEQLELVFQGGHQLWTGRPAWTQEGQNIYGFRTEQKHAMIVEEWGFTMCICTQVWPDPYRKHWLTRWLQAYGAPAEEYQEPLGAWDTQEL,378,C. elegans
P00019,Synthase,Enzyme,VSPNTYGPQTWGEPSVEFQYQRQHVCYDEGGQFRDYRIGDINLCVQHHDGFFYWQGKQFQECQPHHEPCYVGRGDWKYSQTMSQQGGCAEQGQNYQSNTKGTHEWFQEHEPRHKNIMQQNMADRRPDIMTIIDDGSFIQREIKAHQQKNQDMSAQQKQFKGENQQIPEGQGKHVMSEHDPRVNGDQMTSSYDYLYFGNQKQFQYSMNNQYHQTPWQMQYWKDQGRYHRVWKAWEWKHQCIKGQNCQAR,248,Fruit Fly
P00020,Carboxylase,Enzyme,NPCPDQAGMRPQYEGEQDQRPKFHQEMPSQCCDRICAQFQIFGAMNWFGYQGDIGGYRMYEQFIAGMFQWYTGKQQLVWEGSKAYQMNIRHFTNKHVGDTLYQLTVRVSDRQSKVAGPDQASRGQDLDTNAVGNCNYDLVVQHKHTYKAVKQNGYVIFEWTHDWSNKYVGERECADRESQR,181,Mouse
P00021,Aldolase,Enzyme,YYTYMQGGEYIGQVWQVSIWRCSDGYTELWSGWPMYEFRHEPYTEVSNRPGIDGHDDQGIRETNCGQHEQLMEYYCFCAAYVYQRWQPQGTMQQWKQWPQPPRGCQEMQCWHNMFSGHQIFFAFYQQFYQFGDLTMDSQVNTKCEGQYYRGQCSNWQNVRVLFQCYDCNNYLPGCLMQGECRQQVYMVEQQFKQQWCRLQQMPIQICQKPMQQGFQDLQEWQQVHTQMRQRLETGTLAGMYPCQQQLTMKSQQCTGYASSFMVEFVWGGSCQMPVLCQRNQLWKKVTDEEQMCAQCNGNCYYDMKYPFYAGSTMYNHEDQRQQEMMGTETIRFQKNDYY,339,C. elegans
P00022,Mutase,Enzyme,WFHQGGNCSFWQPAAQHEQSELMYGSTKIWFPYIMKYMLSERGQYHTAQCLDPKRTGWCREGSEIQSEPPSGHQTNMYWGQQHDYLRIQIANNDPKFHEKDQGNQDWEHCMVQDANKYFAGMWQRFIAIYTEQQIKQYIEKQAKYNNWMNQFQDFQDYDDIQLGAQEGPQKYAQYPYRSTKESDEDIYCLACGQDLQQYARVQYGFQKSRHHQRMGRAYQQTAHMQAVCCYSWMKLRKDQQQWMTGQYWQCINVRCTRYEQYQVR,265,Yeast
P00023,Isomerase,Enzyme,IYYQAQQHLIECVMEWGPMTTNTQEACGSVYRKPMEMHKAQYDIWSVQMNCEPCMYIQGVYVQHSSWQADQQWHCEMFWEVKIGQKSLALEHQTECKVNQDQQASKIYQQAYDTRYSNSKWQEEARWPHCHPTAQRECVQWQDPYRWAIYDPFEKCTFEQMHQQFYTHTMVEIDTTCQVQEELTAAFYFIIADFWDCDKLEMRNAHYQHCVAQQQSCCGDHSGVGRTNEPGTNFTSTEQQKYFNCKGMFYFDKYLIRQQQHQGQIAHGVFYWTRKESHHKDMWWMHYEGNCCIWRQPFYLYDQCEQDCMKKYEDADHYQMYVSRMEVAHDQEDQFLHDNERIWGDYLQPVQWEVKQQDPDQVNWQNPQQEQTGHIEHEGCQGQRSQEVCEVVNCNAIDRMNRMPAGGYDENDIEGKCFDDYQYHYRRRDQPPQKH,435,Yeast
P00024,Hydrolase,Enzyme,SWYDQNGPYVKQECDCVQGDQAVHGKYLTPSFQAQSQRQWDQWMSQKHIMGIEQIEWHIDCNKADNEVEIQFEWGGLKLQEDEANPEKEAQTANGGHTMYPQCTQFHKLCEEAQPMIAAQNMWEGMAIVMSWHVQQRTCCENYQNKFFTPYATHDCYKSIQYRGSAPSEYFQTSVPFLPADSQFTSMGLQYKRECDALQKYPGLCCCIKGSTYDCMGHAMYAQAYQQYSHPPFDLANEEFAQLYGGLYGKTIFRKSSQEQFNLDEQFQFHLGHEGPVGSAQRVIAQGQEVQHAQYEEVWDAQYYQGYDPFCLVVSQLDEFQRCYIDIGSDMEYNHCGTYYCFNYAHGSDAWYLLGSQQPPECFEWYIVPQEGSTLQHDLQFQLQTSRSS,389,Yeast
P00025,Lyase,Enzyme,GVKRQTCFAADDQDLYGNHQKQAINKGQQVYKMQDYNTQDSIDLLHWEFELALQGFGKQTELSQHVIEEQQINQCPHYPQYADTTYQWTNQQIENVGGNPELAEFWPPWQFPFQRSGQTMSNDMHVMTQSDFALNLFYMHNKHCIEGMMYQRCARHIQGKLRDYEFDELQQDPRQYQQMDQYFQRYWMYAGIDNHEQLWKHEKQSFCQYSKGCIAHQDILGYRDLYGPDFAIFQQKSIWRSWGDGNWEICMGPQGSDRGQGCQCQYYHASQYYMQDYLGHWQWHIVYALTRYSGRWVNSDHNWPKNKAEGVQQNHWKWQDYDHTYQQQKKCLPIRNTQSCVIYKYIKAMIPNIQSLPHAGQMQADSWLDNLDKGWGDFDSQVDTQQQQFGQWQKLLVFNIGEFDEQPLQQEGVKWMYVCQMQQHWTNTFQVEAHQWLDD,439,Human
P00026,Esterase,Enzyme,DNLQQCGSTFQRLTYDDQPHYKNFGCYHEGDNRGTCAQLECNDPHGGPGDGTKQGTLTCVWYMDLTWIGYMCQGYRDYWQQERRCHETEGWQSEIDYQQQPMQQVFIQLKGAKFYWEEFWQMGYSKRGTWMHNCPEAWQLKQSRAIYCQINKHDAVGQWCVLQIERMWYWHSKCFIMTEMAKRQKSHQYNWIKEKIDYIDQGGKDGTNYPCGDSMSWVEVNSQQPVKKNSAKKAWMPRFWFQYFTFQWDRYVGYWTAVMHTQPQWGSFGNDHNQDPEGFWESQMHLTGIQQEYTYVPLTGTDDRSKNWQLMYSDCQVNTDHQWHHQWKGMGMDQDNLQCFDNWAMKDRYYRIDSRDCQFDMQPPTCMKSFNGEEDQMWGQTLLSKPQNQGYREEERQDYYLWSKYCKHMRGIRHPMQTLLDRDIYQTSSYQTGGQWKWGAKTQEYHGWHSPHERERAVKVVQ,462,C. elegans
P00027,Peptidase,Enzyme,DDCYEDHIEQQYHIVNSIRAQPQQKDTDSCRNKATLIVMAGVEFGQSKNKMQTCENYCDVGDALTQLTLCRQKYKMNRQYPVMQGGSHNLHFIYGNRQDGGEVCSCYSFSQFRTLNDKYLWQSKYCEVFMYVDQRRTNCHQQGYSDGTQCHEQFDHW,157,C. elegans
P00028,Glycosidase,Enzyme,YKENQHNMQHDNSNQRKSVTVIQKECQDYCQYYVWALGWFLAPGHLTSFDEDEPQGQVQGGMEQERQSHCQLRDYHQQFSPNRQGAFHKWYQSYQDSIQSESIMTEQEEEQQCNVQPDINYSFLGLNKDEYFAILPNKEQETFRWISQDIGEHGTAHRRHQQYYQPVQGHDILEVNLQDQHVGTDDVGRSMQGWSGDGQECMDQNQEKYGMQYYEYWTYAIGGAYDRYNVWKRYYRYVVGIFENYLMTHQKGQVSHQQPDSFMQTIDIKQMCFRPHVEGPQAKMHKQKHSQYPGTYYWEMLIDILDPMMTNMQDTSCDMAGMTYDTDVDNYQQQHTQEYAQYQYIMAVHYYDPLFNKWTPDQNTQVRDRQTTPHIMKRIDELSDKQTRQDISGWQQVQSGTSEGAKVCNST,411,E. coli
P00029,Deaminase,Enzyme,QPQEEEGLKEHGADKCNDYTGTALWQTEELWVRIVQGMNSYKFDSITQCFCIYIMEYGNPEEVQIQYDQEPSVCENTKYITWEFEWPQFTLQRCPCEGRKWLVLFKKQFEGKAFFTEPIEGTDSISHQWHSHWNGHSVPCGQTNGSKVDHYGIEGCMPQNRAYVISSIIAEYQEELQGMVWIDQGDRDVQEFWYDAEYTMQSVNYALMQVKQAQQGADYQAYSANGNKQNRCTEQHYIVRWVHIAHRQDNQGPVDHGDDQHFYIYQEHQSQDGDICYSKGECGPQPFGMDGYQFDVTYNRREQVHYSFRQWGRQYEVQPQAAHLAKVMQDHQKTQPDYYPPDVGDE,346,Mouse
P00030,Transketolase,Enzyme,LEEGFFCPKQSYPAIQQLRCQWAFQPGKKKWNQGGGVMWSMQEGEQAVEFMTLRQRECIWNEGDVHHCHTREADPIQQVQMCGQDQHCQGKTWIYTNTGAYYQNMCSPHQYWEYYYDQQRFIIWWMWQVDVQGEDPQYGEQGLRWQLPKYRWWGQGCQNHNNYHTAWKAADEYRGQGETQAWTWQRRDQLKDCGWMINGGSKEAIQHQCEAIRNILLETLWMHAYVIGDVYCGKDQMDSVPFDRKPSQSEGGHYQYPIIYSIAQYRRCCQICNSTHAHAILYSDDETTSDNYYLVECM,298,Mouse
P00031,Carbonic Anhydrase,Enzyme,QEYLMKLNQVMGLPEQQMRQYETHFEDQIAHEYMFRSGTYRGNGVKFNTFQAYQFDPFTQWRHGLDEDQYFNTTSQQQMQSDYTCNCQGAMSARMKWSDNQGQVYQYFQWDQPQQQPQVEHSADAKIQFWLTVTYDHAEAGANSYFHWEQTCQKTRDWYSLYQMEYGQYMSYCKHTQKQQTAHGYYDPGYLFQYGGKDRWEHDRTVMWIQVIRKVGGPIQGEPNRVCKNYGTYWYAPENQSWHQTEGYQMECESQDQGQGSMTVHKRQQWQSTYRKGGFECMASTPEGIFGIQEQIAPWRAKRVIAFECGQTRDAAHNTDTDK,323,Yeast
P00032,Peroxidase,Enzyme,EEREYQNYRAYMEYQMHCSIRTIREGQCQYLVTQHKEHPGNQFQWMMDGCQHDYPCQQQQPGQQCRHCIYYMGESPGDRHVSPMDQNADYDYRGVNTHQYVMTARQQEYRVRREICQQCGGMKYCQMMGYQDQYGKCQNHNRNWYQRPAAEVQMLFIYGRIWSQPDSANVYVEPQAGGQCDCPTLQMHEHDPHLQGQIVVLLDPKYESSNWETGYHQVYTAIIGIHCKYYNMSHREMEWGQEWTDMYDHQSHNDCPAFTEYMQKQDEWVIDNYQGMMQSQYPCGMQQFWSGKDGVGEHYELTSIQWDKMQGHVPNAKQKYETGTYPPYKGQWHTDGVKDIGRQCVRIQLGHQFEHIQQQHWQCVTHRDVPGAYAGNRWFVINKHGER,387,Fruit Fly
P00033,Glucosidase,Enzyme,SGPMDAYYMLNKIDHNAGPGCHGYSWGCPQMAVDECTNEPQLQAGLWGYSERGQHQCGVPKEFTQWDDTQDTRDKGSVAIPGEDRYCGNQEPHKVKNLQEGENREQMYQDQQQEVQTCKMCGVFISDYQKAQGREQESDMCQPAWEYQTKQIEGMGYAFMCKKFQQASHQMPYQTQRDTQRNDQYFCQSEYEQAGYCEMGRPDEAPSRYQRGCDMCEVEGNNYYITDKATGDQYQAGAENSYGLRSSYSQLDEFQGYNKAFCFYEQEQHKQEAEQ,275,Fruit Fly
P00034,Urease,Enzyme,GKDQFDWDHIWDVLYCSQPCHYQQGMLNLEDPYVTEQNVNGQQCDQWTGHLEIHRYNFVGWQIYTTQGKDYQCQVTGWATKTEYEIQLMVRFVSVHYYWPQMYIQCCDKSHEPWNPDMSLRPFAQMEWFKTQQYHNCQKRMIQNNPYLGM,150,Yeast
P00035,Arginase,Enzyme,VKNIGTCISGCQQPAYTMWHYIPQGHGQYQMDTQSQQLGNQCENPVNGRDFTAGQTWLDRYIYDQRITGCGKWKRCLTAWNCQCGHEPQRGNPEWCFEQSGKNQYYLHWSTYYSFYIEPCQLSNQGWAENEWWEWYMAQQDFHDNYRTHKLSCCYTQAQGHRFCVQCGECKGYLNTFRYTDDSADYEAIMRGLGKEQWQINGQKHEGAGSCQKQRQAEYEKKYYWYQVGQYPMCLYAQWFGPDQEGPFYDEETVGDTYCLGGRPLDQYQYNGSFWSQLPQFGNPQVKWVWIAGCSTQQDGQQKETCQYSEVWNNFYCHIIYHQQCMYQDYGTHYDFQIIQVANHKLVPRVQCPDSELRGQMNQQQWMCLSIDQQTRGIENMCP,383,E. coli
P00036,Enolase,Enzyme,DATLGCKKTPDFVDICQQEEEDLCQQQYFMFVLKYDWCRYYQHEFKANEFWLLWFIAQQFHGDMRDEEGYKNEYAQMSGPCPQIQCQQFDIIIQQVAPHHAYSQDCGYFTQAWQGGQHIHYVIPKYDQIQYNQVYYGHPKSGGQIYQGALFEDQNTDYQYNDYTFWLDMLIRNEMVQNFFYDAWQDQEYGNCMQHLQQQYQVGYIPQFYAFSFDKWPNFGTFNIPIGQYCWHEQLMEYYEQKQQYQMHQGIIYLCTDFGSQTFPWKPSHILGQMVQLQWGTQCEAPGRQQYTQQQGGWDFGWFNHYQCVERCSKCGKYRFGHWDTGQDATQYVFQDYDRYQPKQYKDQCSQGNSQAQNGWHPGREWAMWEHHKPFPYHFVGEESIQYCYGPQAPEAGQPNGYYQN,405,C. elegans
P00037,Transaminase,Enzyme,NQMQENRAPFMSGRAYKQDVTDPWMFQCLEKVFFSICDRVNHYYRSTYVQDDMRCLAYHQLEEHHTRAQKNNGWLDQGMYPFGKTAHRQQECQEFCWPANYNNPKPHQLIQQYGCQPFGQFMMFPQDGGHYHQRKYQTYIYCVSRLQVQDTQERDQCQFNVYYLWPQNQTIYNKFQQHSEQWRQADKDCCEANLIQSQAHWGGPQLKQGQTMVKGPETCETGPGFIDYVSHAYYWSYNDARPGNWGFQCPQGVDRQTRRNTLYTQVEQEYGNRMHPERNMQIIMQQEYMQIMPHYNQTICEYNHLDQMGHAQNCWPGRQFFWRQETYYAGNLMTTIMGQYPPALHKEDWSECVNVAYGLMDLTPIGYMSLVQEKGGGPPDCQEQLY,386,Human
P00038,Invertase,Enzyme,QQPKGCCQCRMGESPHLPKMWEPTFHEEMMLNQMPVKEDYCPPDKKEEGRYIDQTGEMRPQYLIRTLRTIGQYYMLMYQEGENNFPEQHRWSQSYNHGYYALLMQEAFWEEGQPNVSQKEQPAHEPDYCESDGQNCFPEQQIVNWIDMHGVRDECCYYSIVFRPTGFYDPEETMRQDVEQREKGEKWGQPNFGDVGIGCQLVERPPIEDIHFQQDQYGHQASDFWTMKQEDHNIGILYISAAIFDYNGLTMDQRGKEQIQDRAQTQAQYQDGWVKGVQTSPFYQTQGCEQRVEAGYWQSRFRVWMLGQQKMHFKQLGATITPSSCDQNWIYKTITFQGARLNYHNMYDSFSQKTRGC,357,Mouse
P00039,Hexokinase,Enzyme,DDGSFQSEDKPYYHQIANQQYDRFQQPCGGLGILGGHRYGGKQQMYQCHMKYWNQCSQHDGTGKSDDRFAPPELYPTRMYVNYRINEQYSQMVYWAISDEVKQGNQEWVIELKLQTQQACFQHIFTQDGTWQMQQMEQQPFKEDVQEGHCQKYQDRILWIWQCTLFDKNDYSDQYTEFKQHQCQHPKPMGPGVFQSRRKQECGPRQDGEGQWWSDMMNQENFSAVQQPLCQMSPYEDCQQVVKFCHHCRQAEPPHAWWHDLDAHNDQQAYMQFNLMEQREYILFQFIPVQFHHHLNMSVHERCQGWDYQFNPFIIRGVQQQGQVKKGQRTFFRKYKQDYLYDLIQAQTDGTQQGGNLSEPWLQGWEQFEQQFLFEDDNLHCD,382,Human
P00040,Pyruvate Kinase,Enzyme,CQFVLFCLPECDEHQPEQGACPHDNRDSYGMEAHQYTWLHPRMNLQDCFKAHYHDKQQHTTLDKAPSYKDQHQEWQINQVNRGQEYSTNYLTEHSRPSHQAGDFDIQGAFQNSCEVGGCYILRSHGQDYIIESCSHVEMVNIGVPKCIFQEQSVNDYIGPLWAQSPQGYQLYEGYTYWQWQVRSQSYYCQEQYAGTKYIYHGASYWLQAQICYDKKYITFKLQTAA,226,Mouse
P00041,Cytochrome Oxidase,Enzyme,GDMKLYQRDFQGIICDCQWCELEWAWQRYTRNQEDPKTQVVTPVGHYGMHWQCNNCMSGYTSYLGAERKGLSRGVGTWYPHIQHKCTLNQGIFQKRYTSQEIMVGILQPAPVTQGTCRAVQWACTFFSDVTKYSAQDLSVAQWYHCQQLYQFPPDEYGTRDRNDRDREDKEQLWKHQTQWWYPREQYNFYGLLLLQHCYQCQYYKYIRQPYCWGLDFQWWIQDDQCIRIQGTWYPLIRYCASDVAQQQGFFTTQYDFQYPYIMEDITQEDWIPMLVHTYVS,281,E. coli
P00042,Adenylate Cyclase,Enzyme,WQWQGSFRGPKYYYGQSKGEQISLFMDFEDWIEYGYQRQGGLQNYWNAMPGFCAKAANELPWQSHMQFFCQWEQNEQYNEVRVFCVDTKLVKQVIGVGKSNVTYEDGAHTGSDGSARTDQSQELPQEIPEGYIQKDKMQLVGKGRTQWYWYLRYNDGEQTVAVPRAWVYKSYFQHMEYNYFPMPFQLCKGQYQYQEPQETIHQWGDQQGRFKYGGIKSAWPGMFQSPWIMMKLQYQQTQGFVDNYQTKHQGQPGMIQMQVGMNFHTEPVAQYYLKYLNHPMFELINLLQPESEHVYTYSQYQKQYGQTYARLTQFEHPCKMYQFLTDMAHQCCQDERQEYDDMSGWKFYIYHWHICQFQMENDCEEDIEAVSNCENTFEHSEHNRDEAMFDGTPGGGKGILVEFNSQYVQYAEYQGTRIVMTGSHCSQLESATGIIFYEHQGYYGECGQLAQLYSFVFIQDQCKHHHMMFWDLYQQQMRVYYGQYLIGSQVGTYGQFQALCYTGEAQIYTRQFQWIPQYHGDDDSDAYG,529,Yeast
P00043,Guanylate Cyclase,Enzyme,PWIGGYLHDWEVMQDMAVMINETGDPIGVVLEHQYSCPVILVWQQKQQQQIAQQMMQLNANLTPSQCYYQGEYVCQYQGYEGRQYGENPQRIPYYYDCNIYFERHQAYIFCIGKWVRGCHGHVHDEDQFQKEFCYELHFQGLYQTDCDQTSMGQNGCHQGASQNSLIDGQYVWQQSQRWYQMYCHQQPAPRFSMQWGWCYEAWDQGQNCDQLHVQYNQEQYMPTWSSQCGQGIQNCQGNHQPTYMKAYCNRVISTRRKDQIYGMTTRELEVSGTIQYYNWQHYCSQRAMQWSSGNQPRLDQGKSGQQCQMPVIYGGDKDNGEDRGASYCGNTYTRTLEPYGVDRVITDDRGGKYNGRYKWKNESGEEPQGYCHWHIKEQSYAYVVIGNYRMEFYFNYQQGPYDPNVNMEQLRRQHKNMLNWRNHWQGMT,429,C. elegans
P00044,Xylanase,Enzyme,HFCFQYHHQQQLLEKPFGYQYHYCFTNHVQVWHRSGKREPHYWTQSQQVPYYNKGDVFSGGQGHCYDKWQSCDDVYMMQDQGQFLKAYDQWTHAKSCCMRSVTWTLRDDGNKGTEQCYPTLSVRYYTQHQGEDPQYRDRYPHLEDVETWTLNNEYKMQEPGLHSQGQFQQDQWYWVRMFTMFMPDGTHLAWRDKSIGCDRDQQKRIQNITWRKCVQGGCGNPWTLQLCSSKMGCKEYGKCKGGFTYCSCHQQIIARKIDEMQQQGSGGDGQKAN,274,Mouse
P00045,Cellulase,Enzyme,PWEPCEHWMWIHRIALQCYYKEWEMYAYPGSDQTEQMQKGSTYNRWPEEKPTQSGGVYNDFEWQVMFPAEVRFQQIKVQHMSACDCNAPWYPRCFENSHCSREWCAVKYYPNKIGDQMWGDGMKKLRHLWDQYTAQQAYPVLPGEQDQEQEYQFDYQLKEPRFCNRQSMMVIHGLLETQEQWRFMVGKPDNKWRQIWPANYQMKERQLQQGYLIQKYWKKGVATYQQQAAPTGGMRQCVSTRNVQHSQALGWYVMHMGEQGPYDDYHTEAWRIPPRCYNQQDNQQGQTHDDGDQTGEDTGQFECQQWQDMHQYAQDWLFGAAYRGEPYFRDFQNIQKERGPFTADTPMDGQKAEFCEQSGRQTTYMWLYAYCMCPDENAEGEYPGNLYQEALCYWYAGQTQGRDEAGMQAEAQCDHYSDYFT,422,Fruit Fly
P00046,Chitinase,Enzyme,TSQDFDQKKIYIHQHEQIYLDFGMRHCSSTSSKVQKVQYVEHVYCMGEGEDYLYHAHVDKQFKLREDYYWSETIKCQGTPPYQETQDYGSCFAYYESFPSTKVQQYHFGDHRLEQMAQAEHKNWIEEEDFVYNNWASYQGQQHVYVVMRNVTGHGLARNDYYQQARWVFNAIDKDDPAPYEVNQHGVFGDDHKELTGCKEQCNGYDSQKYGMNTQECMRLGYNCYAVQGYIIVLGADLSQWTTMSCDGHVHARDFGQGTHQNYWWYYGQLWQLDRPMRGEDQPISAPCNLRKMQMYIYAYCDCPYMQPTEQWYGQTRTAGQQTDQENYDMMWSGCSQYELIPAIKFWFDRKISMWYQDQEVQPDLNDNFQTQYTWGVVCGLWSLRQCVVYGLLLRDSEDQVMPGGRLVVRLAEMCIGRQQQGKQCNAREYPCIDVQMLGTLSIQKLKMYQYTCIDKTQMWIVIRQAGFDCKQV,473,Human
P00047,Pectinase,Enzyme,KLSDYVWTIMFPIQPWIQYYMGSLRYYYQVTAGVYQCISGLTLSVLGNVRMFHIDSYQLTTVGYSRVHYRIENKSSDGAQRDGSGPVEYGDHTQNEHKCQRQIKDEQPVTIQANWRSWQSQAKQGQQNDFCYHDEWGTWGNGRNGRNIYAGQDQLKYYHEGGGSQNASWMVAEMIPPLHQYGVWMGIHVIQYGHYEQIKDQGQCQTGEMKPGQNYIFNMSQYGQNIMGDVQRRYNQCDQQFLCCDQFTPGQSMGETGQKRLHNCFVWHKKSSGCQCEVDGQQLRTKWYQSWADSQEEKPQDQKDADGYYVQQLQFEQQMCSQDLEQYGSSRVQMQMGLWEFDHIQTDHKTIKTQEEFQSVMAQDWAESYQRWYQHDCSDQEGALKLEWYGSWDQDFLSIGYFNAQHDQDQQEHILCNEQVLMHSELRYQQGQALLEQADEQDQCNHCVEYDSHQMHIWYWQHQVHNG,467,Fruit Fly
P00048,Ribonuclease,Enzyme,NWGTFCDMSMHGTTVILNKQWHHKYAPDQVPQKPTTNQLQHYTCGGMANQSDEYKCQRECDWMDHEWRQHVDGPQDDDECNVMDMQGGQCYAAGPQDGWEWGADWLSVDFSKVQGMVNCKNGPQTDQHQTAFTNMSQPPYQDKQIQRTIFGCDQYRSQDMAYYKKDTELQGENITEESRGPSGKDKQAQVLQLQQQEHYEVGDRQQRRQICFGDWQDGWREKDYTYVWPCSGEQDIVDDGQDDQMHRQFHQHPLRTLSIQRGNQCRSEHWWHSPQHGWQGEIGNSQQSITLFNQGRHFAFYVYEIVDQDNHQQDHCHNLQQDIGAFAHHTECYMGEECDVYFPHEAQQRT,350,E. coli
P00049,Deoxyribonuclease,Enzyme,CQQQPLISCQEYDGPPYRHIWEGQRHGRHQYQWHGLYAYKFQEEQGKHVQMHGFRMYKYYEDKNEQTTCCMQTKCHGQRIQDNIFPIQRDGYGQNQDLDEQNKPCMRYAHFPHMRLAKRVHGDPHEIGQYGEDDYDQNGFEQDQELGLTNLQQDGWPEDQMGHDMSAFKYEHHSQHAIRKMYDDFQQGFWQSEQQPYMQDQFFNCNQYEMDDNQVWFGDSAAINFLGKDISNFVGQFNQADQQSMMYQRYDEGERPEQIGDQIEMQ,266,Human
P00050,Topoisomerase,Enzyme,LDGTQGILIAYQAQHASCKEEPGDYNGGQQQEQGRPPQNFEEIWTAYTGYECKSQGCGPVQKKRLDPHHQHIKFIIKLQQDWFDYLGKKQEGCHKNHMMQDQQELQRYGAHQMEQCGQEPSIGYDTAYDQEGDENQDTIAHVIRWGCKISSYYPHPQQHEYDDQKDGDEMTWHSQKYSYKDVKDHQYQDQGPNLALAEQSGYQDTQAITQLIVEQQISVHVGKEQSIKKSDYGFELDCLGRCLRQRQAHGRMHKDYGDVNGQIRSFKKMYGQLHNNHYVQGYGCYSGLPKTNTYRCFCREMITSNGTKDPDRSYIYKHYYKGCHAPGWWGWLKKYHHDNRYTSLHMKGKVGFERPQWQVFPFEEYITEQDDMYEDVACAVGDKAQLGQEQDPIQADVYQSQADYARSGDQYVGGYGNQSEFQEYLYGDLSACWTFFPQHQHEQALQCAFLQWQQRWWQTKNQHDGPA,467,Human
P00051,Rhodopsin,Membrane,AQWQWVNQAVVAPHPQKMAQMGVCMAFLGEIKYDMYWCCYQQLQPVQQHCQVWQVKDQEAYPMLTKQETQCCHMGPSDQGQHISQQGPGQVQGTQNDGTYCPIVDQAMADQRRCIDKRYGYQQKISGMAWENPVDLWHSMHWGVIYEIWGYWHPSMAFTVMVWGFEAPCQIPRQQQNKQHYDNSHQNWWCGMCWAQYMDVQAICYVE,207,E. coli
P00052,GPCR,Membrane,IQLQNIQQRWCCTCAEDMRQDPHVQGDVRQLGDYILQVLKPYKYGLAYFQEFGIFEYQIMVVWRQLMYDQWVQHQHVCKMDCAWPIKYVPQWVLEIRWMWDHWPRYMHVFFYFGDGIIQEYLWDFSVPVWAKWLYNLEQVMRFGQQAAQCMDMMGAMWRMCHYWYWDFWEIAMRWFPQFAPMYDGAQIQFNWWGDQRNAQQEFTQAWIGVIINIPQQPERIFCVWGSKINVSYYWDQHADPYQPILQICQPARQIWRQWVIGIGLQTHPYLWFYGQHFGYRCQYKVHHLFMRMAGQMMYYPQIQVVILTYYPVPPRLDNIQIAGCWDVENSGDWLGMNDKYDEGRLNDYAAQHVHQYEMGQYIMNMEQEYSGYDQHDPGQNDDKCYMWYDGMFQIYGEPHGMWLAGYQKYIKHQYQGGVGKPAEICDQGCLIIVQKAITTAQVWPRWVAKPWVACVMTFWVQDGYQG,467,C. elegans
P00053,Ion Channel,Membrane,VDQNECILNMEYGAGLAEWIAEMRHEYVFAAEWWYEDGGEFQSVLEQPFGQMPKAYLWWLMIYWQWEALHQGYEVYKQYIFRDCYWALKDVKWFEIEGYVCDYGVPREFVEPPMVHIPMWHISVIMVETYMIIGPFVPQNYRTVHFMRYDEWIADQFPSGSVQGFQNAQGKIQPDHIFYAKSECIIYQLQGWQEFAEGAFAKVFDGQVVFQYVANKQGGTGGYQWFGGQMHVCMFMKIPWLQFIYREKQVQYKRHVL,257,C. elegans
P00054,Aquaporin,Membrane,QSMYSIEELQVQMKFPYLYKQHAWYYAHQQQQYQLYDQKWHEWIHAFFQYPYDWFRCYFVQWDLIAAFFSKPYAVKSSVYHWVGTFMPQGIIQRCFKRMQGDSTIPYCYASKQGQFVFDIEMRYSQMAQSQQGPDFFALVSQWQLMSDVANFDSLYAEGQCRVDNIYFGYCNIQFRDQGRPAAYEGKCWPPEADECMILDMYYLDKEPPWIYEQLIEAVQLRFRGWQNQPHMGHSQILKRFSQDAAQDQLDEMTKTGGYYQLGCANFEFPQGGKYYKQAQLQISHQQQFQSYPQQQDYVDRILADLQISDDNCVYAFDWGVELFFGQCYEQGWDSFLQQGQGPIMFMSGGKQTGSIQMCIHQIGAMVYMQMLGVVWRHLAIAGGHLDYHGDKIEPYGGTFLDGHVQQARYEQAHDYGQQYFWVGQVAGHQWVQMWAILQAMGEKEYGKGTVYQQAFQFQQYSRGYKQEQFANMYMQPWWKMLDWFGMWIPDIGQIQVVMIRLYDFEQIVCCSPHHHVCWTQNVWYGTFTTQRDNAYCQTLELALDSFHPQSEMYEQMPEPWQFQFDRNQMYEWQWGMGKIRMFAAFCNCVEDWGREWWYYIVKKY,605,Yeast
P00055,Porin,Membrane,ILFGNGWVMAYLLIWGMEELAYELPLVAAVPFGKQVEPKMFQTQMIWENQPDVPTTAWFILPPQQCQEFWQKYGVMAAFIPVAFNAKQIPGTGMGQRLGYGMGVLRVRKAKQLRFNIWIQHTPTFINFLTGIIPQGHQAQFPHLRLKLWQGQDEQVAPGIQCEVIQWAVAPKTQVYGIVPYEQWQLFQMDTGLQQQGGHMEDQCIDQFWSWIFGFAYQQLQVDRWQMGLKPFQYQFISSLEIWACEQTPQQDFNRQQYMQKGFVQMVGFFWMQVWQYPYRGSQAIAMQQIAVQKKDGRVGDEQYYQACHPGGDQPETVIGRYSPFPQFQQQTQVWFQLSFILGKQDQCKRSYRYYMHPREQAAIWYYEYWPWYEEMVQLYFWDMEDSYKFEHLQTGYMCWIYYVKQKYGFLDNHEGIFFSICIQ,424,Mouse
P00056,Sodium Channel,Membrane,LQMLQFEQCYFNQWLMRQMLMNGMVEGCKMMPMQCMWMKIITAFWIPLYDKGVGPIAIQPAPFMFLYWFRQIIQLSAQQYMWVGQAKIFKIVLYYQECWQREEGWVHGDMFEDRFQQGVVGFSTYILQKIAQLRPYGRWGVQNDPEWAAFIMYADVHQQYSYMTAMLESGTFDGQHYYWFIPNQLDDILSDQIYWDKLALADLRWYYGSWYFAPEDRFFQSIRFLAVIGCCEQIGKLMTDICEPGGSQIIIRKNAPYYEHKPPENWQGMKQFCTPGPIFVIDFHDFRECMHQILQLTPVTVIVVGQPCATFWDVPGRN,318,C. elegans
P00057,Potassium Channel,Membrane,ALCTEDMFICNGEGDQKQWMKQPITKFEQGVWIWFYWGQAQDNMNPKMHPFSRPAGKFCQFKYDPYMQWQHLGHFRTMQYPQFGQFGSWQQNDIIQEGICQVVNWLGQCYYELWLPIWIMTAYWGQEDQVQGDLCKKELIVVIIVTVQYDFHTQEHYWMDVVEMHQWMMIAAWIEYYTFEWWYWMGQILRDVHQWQQVGIDYVDYIMLKQYVSPPTQCQHHVQGGASTWEQAIDAKELGCYGYLVAFGNGMLGAYIQHGASQYWIPWDLIHTEQLEWVFVWIYEQKWMVADTIILLIGLEIPGHPYAWYEWVGWFCQAGHMDQIPQRVRDYQLMRPKAIQEYQWIYVDNPGMCIFNTEEDPHRIHQPQPIWRMGYHCQYSDCHPNPMEQQNKLEVWRLMYFLWVWYAYMNDHKQANGV,418,Human
P00058,Calcium Channel,Membrane,IWKPAQRMAKQEYFVTGCGQFPMLPYVFWQKQQNAAADAFHRHWGCFGQFWNVYLYERPAPAVYIYAGQLYRGKLMMNQDAYYMFWYYIMGQGKVNFYPGFYIIKVQRTGYQQMPRPQMMYRQYFIVGLFQRVIYYFLGGGSQWIDSGPG,150,C. elegans
P00059,Chloride Channel,Membrane,IHEPIQYLFFQFIGEIQKNVYVFPYHKPKGFGAYMCQQPPMYQLFQNIMPHQGQGFMQLMQLGQTPALLGLWSKGLGQAPIHVQKQPLAMYIFVFGKEMQELFQRDVVERQKMYQYVPYHQQCQVMLQWTYRHWYFAAAVDFELACQYQKDHHWCMMTMWMQPFYTFPFFIVGKKVPYVGNGPVYGFQMFKEQWPKWVSITADHFWVVHQHRVMQQSIGPYGFQQQQLKFVFHAPAEKIQAHGGLQQTCICPYIEFVLWSGHHEVVAEFAKQKYDQDYPLWQGPVGNCYCDLFLCQQYFQDFEPLGHFQQKPIFQVSQYKEAIQQQQYDGHWWQAYLMIVWMYVWVDKHPFDYMQMAESALQGYTKMIPRLYIVMMMPVCCLCNLGCWQYQEMAHQKYPMQYQGFCQTPVQMDAWGSYMQLMGGPQCQQNLLTQMPPGRGQHQAVFTYSIDQIRQGKMVTGVAQYRIAMRVGQPCEQGIMYDVSYMGIGRPDYQWEHQGIINVQRTGNSMLIESVCAQLYQHWQWKQYSQEPIAIGKFGWQQQYLQAARPQQASSYDIFAQPLYGG,566,Human
P00060,Transporter,Membrane,QKTVKLWQPQWPKGSGMQMYVYDIQPAYMMTYATDYQGKFIDQDINKDESIQEMPQGWALIRHHEFVLIPRGYYHDIQFFFQQGKSQDQVIYWQCQMECRCQDLQWAAYMPQGLYQVGQRCDVYMSAYLQIGNGMMCQMPAHIGLWFREIQADSIGYIKFEAGLAAASWGMERQQGGVGQVQASCKQQTGPLQPARKHFMHVWPMWLAKAMQGWQVLQGSHDFVCQMYICRDALHMAKNLNQMRWAPFYMRMWQYGGVGIEQIVHDIQHPMGIWKKEVYQFDQDELQNDQFPA,293,Human
P00061,Na-K ATPase,Membrane,RVTVGHQKVWQDFEAMWGAAPITAMQWASSGLGYDAVHGKIWDEVIAHEYKPEQQGMYYDMQTPWKMWDGDFDAFPGMPINQQWVPYIINVIPIQQAWQYFEIDQSCPRHRMCRPPVDHGLQDAWVQPMIGLFMLMSYYYIGIVQYNYQRRGAWYMVVVQDCQQQQAWLRTREIVCMHQHARYQGNVDQIVIEMLYSILASWSYEATYIVCRADKQAGVCQAGVNADLYYGLKPGECEASWQYDQVQPEEAVVQPNGFCKVGPICPQYTPALQGWVQADCQIQLYMYEVGEFLKREDKGRAQFPDAIMHQTTLWIIVWAEYQRMEPKYEQDEVQFQVFGVYMGEKAPGLLRSMIMGVQIMHMHGLGAMVQVGNLSG,376,Human
P00062,Ca ATPase,Membrane,ESYPQYEYTDCFTMVVAFGVEPWMIRHWSYPLHFQHSIHVQRFSILHRHPHVRNRGYQQGQYDIMYQYMWEQIGYVPVAQLAYKRWYYCQYDDVPFMLGIQRVNFQGWQDIERWYIQIQGPWWYIGQELIQKHTFGWQYIEGKWPAWQRWQDAFFQNGFGIQQWGYQWNGYLYWYAPCPQNFMGWSHQDMGQQQQTPHLIAIITPQVVPFPQGPVWGGMIQVNMHQQGFTVQDLITQTWAVQQQEQKSEAKPPGQSWQEARASYLLIWPIMMWLKQIHQQWGALAWNRDIFFVQGQEIPTVGCVYGFHANWAKWEYWETPKHNQTQNFSPHDCWNAEYQWSTQHAVHDGIQVQYKDMMALTIYLDKIAIGRVGIEFEQGLFYNADWMQCLDGIEGWTWDGAYGVDMQSKHSYRQRIQDDQPWLKYQNYQDVKQQHYVLQFVIKRPQQVPEKWIWMQEDYMYVTGHQKQTGQDHMFTYAQIDVNGFFSNGQLHDQQETA,498,Fruit Fly
P00063,H ATPase,Membrane,EREIEPIFYIGVCQHMFQIHSMPEDWYYQLLGWFGFAIYPYRNAFHFQCTFYPIYKKHEWPGIEMLFNKWIQIGQQGIQYGMQGYLMQSVGILMVMIAKQQIPGQWWKYNKEQLQVERSDLVSSLQFLITINPVGHLWGAQSIEYAFWQEVWAPWKWMKFAAFGRILMRSQWIDGQLEDQMEVRMGGVQFMMVGPKYQYFYWQEGMHYGAQWKEFFGPAGYHLIETKGMLQNRQQRIQEFQFGCYYYDGFMYTWIWGEPGLYNDAAYLQHFRMTQWELRASQPHKNHQAQYWVYQQYMQYAWQKPFWMWYIQGQDFMVQAKGQYDCKAYNAQCYGYLFYYSFAQLPRWQLAQQPTAYPQHIITWWPHNVCGPYRQFQRQTWQRIPWKHNFSNIIVQDQWGHQPDQWLDQDWIAYGHIQHQRGGWQLGQVRSYYHYIWMDADLGLRRQDYQEPGEIDYQQAFMIYLHHYLAIVQGQYAYWYTVFADWHEHGVRQKRDVEQIYMSYGGQAHVPIETGEIHMNYSGETYIPMVVQCKWVWDTQRYIGCKIALQQQTWTMQYDRHQIYRQGQKANDYINLYAHVIQPFLSKMEWGGQQAIELWFTNAFELQM,608,Fruit Fly
P00064,ABC Transporter,Membrane,KPFNSGEMIVFCQQDEYWYGLIQYAQWQWMDGYMYIIQNIWTGQGGEYWQPQIDEQGLTFPWPQQQFWAMVLRHTAEGVFLLCVTIEASAVYEAHHQWGVMLGQGGQDGQPRDQGGQNWMTINAQIGQTFGDPWWVMWKQEQGDVPYQSPYWVYCEQTNAMGMPMSTRTVTQFEKDAQRYLDGPFKLEVIKIQGHGYLGPATEIMRMYRAMRQAPWITYKGPWRDDEHAEDQDD,234,Fruit Fly
P00065,Symporter,Membrane,QGRFEDYAHVYAEFVHVRQQMYFQGWAPYADRQQAEYYVMALITKCKLYQKGLYWMAHPHAGRFIYVQRWLTLFWILQKYMMGHAWQGPKDQGVEGDGQIWYVVFYFDFIWLGGGWSMPTDAFQPQQQMYMMYAIHDVPVMYDHFLMWPWWGYKLYQAEGSIQSMQDFREALQCWANSWKAWQLYAEAIGQESHGKKGQIKLAIYTDMNQLPFECNKVGWAKYGDPFPYYQMCKDRYMMFLVVAHGYFFLQNFYWGIFTGYHPAQHYWSLEGQTMWQPGEYQRYAKGFDYYADFDSKPLVWRGFWSEPAFIIMEKLKCQMEEAQNELVHFQARQVHVWWMWQWFWVHLTFYMCEWGRPSQKQPSQLQVQIAYWPLKQICPDILWNYSICGFLIERQIMQPQKITQIGIKGQCKMAVWLLQHMQITRPDIAPQEKNMHFIEAPYRHVLDDSQQMGTTIRQGYPPPLKVQAWWYPAYQDFAQYSFFIHMQMDAQMGKPYSQQQIWQQIYAEGGALWTFQNQGNPRYPHLVQQHEGQCCWAFYGYLTWWQTGILEWVIKQGQYYHNLYAAQIQEIDGMYYIIFWP,582,C. elegans
P00066,Antiporter,Membrane,EVGITRYSFYVWAYVHKQFWMPERGYQPQWDCGSYQDYVAQDQVWWTAVQRFRQCYQFPCRFFRPQVQMPWQAKGEPQYIRQQVYWFMFKTIMMQGPQAKQLEWAHQNQQVPKTWQGMRITQGISEALSHMVLMCAWGPCQHEIMRKMSQFQCYGYFAPDEQQRCACNQLQSFAIQAIQEGATVYINHNGPLYTALGQHYQMWRNYDQSWMCGLQQHFWMVCWDLLTQDNYEGPYPQLQQLQWWIQSNDQYIMIRFFYWCAWILGPIGYGQGIGTPAAWFMYQHYPQCFMVPWPFFQVAEGPGFVFRAEFEIQCDMYELQKSPQVILEVGVAYHVVIHWDHIAPAQQGVQPIDYIDYGLYYHYQALNAWRFEYLQFYYAPPGGIHLSQFQGQPAFDHVYLMMMAMYGVDNVEEKHDIGFGLWHPGFHWVAHHRQEQILMMNQHEQYPMALQQMDD,455,Mouse
P00067,Uniporter,Membrane,GTFPLPGVFPYPIHIPLGQLAIGNYEQGGTMSQHFKCRMLWYSPLEMQQMRIGFQHYVPEHVWVRAFAIIQVQVMVKENPQQMHTPPNGIHGWMGLAIWYHACQIVQQWPPVHWWQQVAQNWLMTAIIITMAQTPELEERDVEPVQTQMQVRMAIDLYVPMQFWYIEASWTYGQQVFHHWHFEGTPHEWNQMAATQKIHRRVHLMNQWQIDLARRGKKQNMWVEPMLKFVKYPHPQLQQGMSFYGQRQQVCKQHYGSVHPLVQLDYKSELWQWKSAQGPQDCHWCFQNGEPGRHAGQGQVYNIHDAWAAILAQYFQHSNIIMSSYIDRQPQGRKMQISVWRQTQKIIEASFLDTIAFWKHAVAVSLMYLKCVDTTRGQKGITMFQEFDTMIWMRPWKTMWWGYDAELWPYHKRFIHRGFYVETQWERVMYWIQDAHQYEGMR,442,Yeast
P00068,Integrin,Membrane,LLEFKYPMEQEHLFDWGCCYGKQQQYDRVFPVIPQGLFYGQQQWLGWGQGMCQQVQGEGHVVYDPKALSPLQKWAPIAVMYPAIWYLVISMRLMEEKFNIDRMRELGGPQMDGQMQVIWYQPGWQHAWLLYLQKDWGKYQVWGYHAKLLTMNQYQYLYQQDMVAQQYCKAVMHVGWGMDAGMHQAIYRVQAVAGNKGLEYMMQQLFLVWKYVYVLCWAGFEVVQGLKQYADNESICCSYGSTCQQRIQHKHLWPFPYMQLVTVQPMQWVMTLTGYMAVHLGELRAWWIRSWQFFIRQHQMVSDFYPVQHMFQEYDAQYVFWQYYGFRMIDPHHGPGQYGHFEEKYWAQAAVMYSLSWCWQMDYQASWQAYVQTQKPWIGDKFGKQKIIIDEAMPQILFMDGMDAQPVTFVDDNDNKR,417,Mouse
P00069,Cadherin,Membrane,IIIGWMVFECDPGQKGSQYQHYNLMGFKVMYYHWQMIATVHLAWQNPCGGEVHGKGPMGHWAYFFFQQCCMAYICHAQHEAMNQWQEGAWFWQLTPEFPAGWFIQRDKWHVMCCAIYDAMGYQICWRMMPETRGETQTMQLNASNVQGMVFYDYVFFFQQAQIQWQIQIFQAKQKDFHCYFDLVFIWLGMGIWQTCHVRTVYEIGQSMQWPIDQHQIWRQQAWLIFQTDLIHGNYGIIKWVAVQLLNDRQGCASDGQHCFWVWIIRQHNPQFQMSPILDMNLIQGQPPQMYWQPMKQQDYNGGSHQQYWWNANQHYWQKAH,321,E. coli
P00070,Selectin,Membrane,QFRQWHSAKIGVVQPPGQYQGQLIITQSHFISQWYFRKYVVMQMLSSGQQQDIQHVDIMEYEWQIPMVPHGQYNDYTGSVSEDWRQQWMDWPLYGTQKMNFTLERWFWHPWRYMCQQIYHQNGGNYIFAQCKHWFEQVIAWIQWPGQFDPQEYIKTVMREATILRPPARNQPDFSCMSPALDGVMPIGKPIGMFKQQYPDWKYTDYLDQKIIAACMMIQNDLLWPWDIQQVGEKQMYWGAFEMAVDGEYSLFSAVSRMYDEQAHGKGMRVQYGELVYWWCFKTEGVMLQMPRFQGSHADEFWQPKPPYAKAIQSQQQGWQVFWWHWVSPYPFLLKQVPAQAYDFQYEVCFWYYIYDFLLGYIQYGVQYFAGFYWWPLADAQCNLDQIYWWCHLYRKFQIRIEMWGLAHELAQKAYTIPPYPVGMKFKPWKDDKQSKDKKMILQYQLAYYPYVWDHYVWFWNWWPERKWLLMMAKQIGMKHQFLPLQGDCGMLGPAFHRPDYQKYYVVNAVSVWTEGSCAIW,521,Yeast
P00071,Receptor Tyrosine Kinase,Membrane,GEPNPLTQYQFPVIVRCQQVYQTYWYDGQTVPIWYFQDMQCNNIETYGAADQWAVMWARVAFYTQQVWDSHGDFYTWCHLAVAAAALGPVAYAILQHMVFIGCHLSMLHPRYVGWWKCAGQIYCQFYPYEAFGKVAYLLQWPLYMKGVYIHWDPWQAGWPYPGCPRWIDWLYYSSETPQIHGDYWWYADPYSWNDIHCAYMLNDQFFPYPDWYCQWNGHLQAFSSYVPSWQYCLQIFWFGHQVSQYDAYASHHDRMCHIPPFQATDIQAGVIFAGWHAYYTARFIKQGKQQSAQIAKPLATQIWWKECPRTPMAQYDYEQFQERAWPLFNYEGYFVMQWEFQMGMLHQCQGYPLWQQELIQPYFPGMLQEGYMLQFAYAHMFAYACDMQQTAKRLMILAQPGHYTFNYALAVWIFEVRSTANFAHIVML,429,Yeast
P00072,EGFR,Membrane,LQIQHRQGYQLKGKQLFQMDWEQPMIYEIFGGFPGCQCENQFVMYSVCLFVKEYQFELPAWIPKVQPLLPMRGIVYPFQHHDWMVGYAMVPWTQAWLVWGAQCCFDQPAQFAFIIWELGDLNDHHDMEVHMGSKYGEMYKHQILSGMKQRYPEYIVVYMAMNDGLHELWYDKAGCYQQGFGWGVHPGWFGELIVEQHVAQLCIGGLRCVFQLYWPVANIEQGPQFCVFGARMYGADDTHRLECAGMFAIFQPRAKQMGQRWEYMSILYVAKLIQIVANGGLRYAQQIIAVQQFKTAHQVWVWLWSGVPGYAPYPWPIAAGYQVMGSPAPVWQMQGFDDLPSHNSVCVCYHERRRWQIWFFYVGPWPKGQPQWTWLFWGKYQRDQFFEQQKLPQAIQLEHWVMRQWQPWLLQMVGRWGEIHQNDQDVWHWQWNESMWRYEPAGQLDANGPCLWHLHVRIDHQQPARRLMKQQAWICGGCPIQIMEDQASCQYYAYFPMEMYDFDIVRGSYYFQEVGGWQPQFYTDWLVGPEYQIYVEEWLQVQLQQQDGLHAPKEPNTISELGRGLGPFMGDMALPHKQQRFLNQKQGPMGGIEESPYDIEDYPQIKHITYKSWLMQYQLEFGV,623,Yeast
P00073,VEGFR,Membrane,WKKDQPCYHFGWMFPIMAIVRPLFVWWHKQTTPGWQARQQPLYSTEKQHTNGHHQKWDKLQENGSQMMMTMMDAKYGFSMYYFVVWSRWRQHMKNYFLHCDLQAFRIMEKAHIWSVQLYYQMGQATLRRWYWGIHFLDWSQVGLALQIYQMKYWILYYLLQLDMGQFVCWWHMAYRMKYKIWGYEARYLFKYIHHHHRMPHAKHWHQMNQFHVPWYAMEVLAAHFMGYGYNHCYQWYYYPAWSPAWADYPSVADEYSYWPFYWFKFVWADQPMYCDTMQNWFAMQGFWYLRERDDQIYVPIRPGRADYKLYEWIQYVWGMQWCAQDQELASKQIEQFGLDMFIQYFQRGLWRWTALWQMMNDEYWLGQHVILDFPWSPSELSPMRNEQYIQKWLRPFHQYPNPFYMLQYGYDPQMAGQWPWYRSNKGQQQQKQPYQQGVFPGLSCHQKGHYAWQEECITMNNTHQHY,467,Yeast
P00074,PDGFR,Membrane,TRILHIYQGQAMRAVGQGNFQSSWQGDQFLYQRWGMNPQQGWPQMHPYWWDAFDNWRQAHDMITGAGHIQQMSRMPLWIGQMAFVLVQWSMPYPQLHQMPYIEPMMQALRMMVDHILHYLFVEQMPPMVQVGFGCLQIRYLNYQDFDEDGPFRQCQQQQYYDWPFILQKLYCVGADVNYLQICQQIVEPTGCVTQHEIPLNVSEEVGDVFHFFLAQETQKDMRAPPVVAYFYHNFQWEKMFMGGQIWMQIAQNSVSQSWWVKAHCGIYTVQIQITSPRHYIWHWDALYYHGDSQDKFQIIPALGKAGQNFYIMLEKIFKEFGQFHADWAYGMAIKYSRYNRNYW,344,C. elegans
P00075,Insulin Receptor,Membrane,YAAQQQWYMLASWNYWILQPWFYLVLYARIQHKVVLHQAYPQPVCDDCSLFVNCEDIYMDVEQAELMRGLFSHWYTAFTDWQACMYYFQIDYDQGQVLKDNLGQFWMWEQPCDWNEGQEMFPFIVKRLVQFFEIPMPQVSEWIYYFVGPWMFLNENFVEWMVWQHWDAALRIAVWDGDHQPIIMIIMCQMIEWWAEYHAVAQKLKMQGFDQLECWRHPVRFYMWANKIWGWPMWIPIGFGEMCVVQCYYPIFGGSFFGQAPPFYCKVIWGEMLFWRCMYQAPGRFKVGQREFSGCHYMVEGYKGEMGLFPMPPWFQYGYAEFMEHGHMGRYYVFWIISQGEWLEVYQFEPDAADDRNEYQYYDHVMYGKFFPFQQVT,377,Yeast
P00076,Transferrin Receptor,Membrane,MQYVQCFNPKQGLIFFFCDYPMPFVWRGTEVGWILLNQGMKRGEQHEVMEYLQVFFQACLQYFYQVYALHEVAQEFCAASQAYPHMAPHWIFNVRIKQCGYQWGQLWQKFYWAQSYTGLRVLGFGLAVELKEMTPQLWWHDQYWQDQALGAQQYWFIQQGNIELHRCQVDWEDVIILDVNIRDWKGPDFMQFYMMQRDIYQNYSVVFQLRPKAYIGGDLPYMVCMPKMWTIDVRLLLFYADQTPIQEKLGEWRPPGAQPWSQPWKFAPWPVWGVQKAQWAMDCWLDLIQYFWYWRQGVWAQQARYAPALYQFVPGKCKFCQLQICRRGPNIGFGVLWQFIWAITVQAPRMAILKRHLMLCSAYFQLYVYMFMQQFKSIVQSVILTVCFFPGLYPSPEGPADARW,404,Fruit Fly
P00077,LDL Receptor,Membrane,PKMVINWQRVYMHLEDTPWMVPEYPWGGWMDYFHHPDVETAKDQMWQRQMFVGYCMAHNELVVRWQRMIQAPQHNPYVVVAQHRQMPRNNWNPIPIIWQQHQQALQHMEFWAWWGWVLCQWPACPPPPQPAGYIQDPQIPVHGAPTRGIHWDIAWGRQITLHGGDKQMYQSEAWHMTGWFHILFPWYIMQGFTEDGQMNHHFMQFLGVANTNQMKAFDPRMINEAQWPWAIGTIQVLVPSVCHYEWLCIPCPGPQGMTNEQTVPQMMVYKGGGCAPKANSHAIEMRSQGIHIADHQFYFYKWMPGGKNRQKPYDVYTWPEYGKLWAYQMGKACYPGLLWGWGSNYPGLKEYVRFVPAGEAGWRYGADFGCGAKCKEQGLGPKYLYYCIVQFRVVYLQSNIQPNPMHKMTYPLWIWINVHQQGMPYLWQPGYYGMDFRPEQWFPVFYNTDIAGYAMIMPHYASACRGVWHFPLQWQMIRWTT,481,Yeast
P00078,Scavenger Receptor,Membrane,NGAQYLAVMSVQIPLVGRIGYYGRQFWCGKQMDHDKFMQMTILYEQPQGQQDIIYGEPHLQFQAHLKCQAAYMPQKMMGQPLHFYESQILKRPIAWERMLLMLWANYLQYQYHHLERTDVTLDYGYFQLGILERVDTMRMDFTPISKQYDNVWAGLTFVARVRNYYGCMQMIIHMEQNVSIFFDKNKCAPGHDTYKFGMMVEDEQFNRQWQLGHGMWLKRQQIVFYGQIAARQVFDRIGFQFWPPSETHLWQGAVKVRQVAGIPDDAYEVWDVQHQHCFVCYRAQAWFWHIWPDGGPTPIGCVMPITPQNYYKQLHALAEQFSYFMLYPVNYQMQWWQQFSYYGSYNRYAFFRLMLVDPLDGAIQFQFLLPYQQGGKYPPKGRGNEQIQSKYAINMNFQANQQDHLPWYLHPTNYVWLAKMLGSAAVNKRIHMCGAPYVPEEYWWICPDFVWQGQIPFEAAITLAILNDFYPPKQRVNANVCIDRVYRWAHVQLIQQMEAEGWVFIPYFCYNMISIGMDRHWLGLPKYVRNAKGQAHIWHWVMVCLCWKYVSRQVHVVCINRGMQRLMKGTRVMVDVVVGEAQVLIFVRHHDYMRKQWAHEARPQMPLVADGMRWMFPKIYREQQQNADTQMMPGLTVLWCMSQQNSAQATIWPETKAYPWKQASSYFMWVIQLQAQRAKMPMWRYWQQVPAHLWDKAYEADPQLPFMHDLAYVVSYGEADMATDMMYGRFYER,734,E. coli
P00079,Toll-like Receptor,Membrane,LLMCWYFTDCVQGQHGFGQKYCIYHRRGEVCQQQGRLMRIYYIDCFWYLIPWCPGMHVQNGGEYPDWGQQVPLFPIQSRTRQRLNQWRWLYAVMQFYAGQMIPGWWIFFGGFKHDQSKDVVASFQVYVHRLMYVGGKGKCQLMWHAQPGLLVANQVRPLQFYYVHIDGGIAQQQWYQPYVLATGQMVQHKWGQCDQREEAKGLGHLHIYTQQRQIELYHQYIIRTWMNMYGYWVSQMLLDRMSHCDYERGQFFGWQPQHGIQVIAQQDEGKQDYWALITRQVGTFRQPTPLHYECQFGCGYQMHDDSPLWYGLQIFWYEVDIFMIGD,327,Human
P00080,CD4,Membrane,AAFWTADIMQPLIVAPGGDQTWFMCFIIAPIAVPAMDPMVWIQYLHWFDIFRNQGGFVDQMQIIWTGAQTQGPGILRQKHGAGMIMLPFLHKRIGVRWTVYYEPMQLQAQQRMVQYVWYRYGQMMFQSFVPYEDWQAHIMVSRAFGWWVGVQIFFDLHIIGELRHPNLNYAMPQDFLFKSQVRDYFEIPYQEAGVPRAQAMEGCPGWVRIQHQFQMFISFNWPRPYHQVQRQAEYPRGQMEVGWAFHQAVFGTVTLWWGQGMQWDKQAYEWKQQEIYKFWALGPFICFWVELCPWLAAAPDPYYYFYMMMQAQWQQQQYQLMEFGWSMLFGFGYCWFCFQQPRQGYYMGQSPLAPHSQPYVLRAAPGRIIKGHYNDG,377,E. coli
P00081,CD8,Membrane,WQKYAHGLKGWFTTPLFFVEHYINAGDGLEQYSNWHFALQFYQQGGAARSPESGRRMNQPWKIVLVIYSWFAQWQIGILARWMYWFGSYFFFQYQIYLNYAPPYMLQIPRGARWSAITQEQRAIQKQPFFAWVRAWESSNGTQSLLNNDPRYDSQIVGLDVIWIVAYGGYVGTQDAGILPPYQPAFYFQHYTDKYGKKQQKWAYMWWRHFIYQWAHYGEYPIHYRQYELPYMPQYAYAMRYPPPQEVIHHYIQIWACQDRVWNDYAAFQQVWANYQCADGWYYQCEDIPLGINGFDFMVQGVQYAPAHKPAWPSFTQPPVSERSMLLRFYHWQQMWVHAQKGAGAPQVQCQSGANDGFMPILGAVQIHEYEEPNGWFYEMQYQQCYHGGMVWYGNHGPMSQGLLRGRWWQWVYQHRFPVRMGFCNHWGMEHAHSGYWIMQFERRFAWLIMRLFIPVVDVQFQYEQFLIVLRWVL,474,Human
P00082,CD28,Membrane,HQTMAGIQWMQQHPDAFFNDPQIVRYQYPQQANTLQVRMQGVMQGRIPYGMRIIQPWECYREMMRMYNVKQAVGLWANCQQYQSLQWGAGQMMMQLEFWSSFEYIIGAPKWFQAQLGQADGPELGDLPTQVHWDREQFWQVDDDLARIHQAWQSNQRQWYLYYFMDAGIQIKIWWCAYMYCCMKCIMPAFIDLVLHIEDHITIQGQQCWMTYYHWKYFTEGYWAGGAHQQGMEVGWKHGTMEFPQRETGGRQSDYFTQFPTAGPLGIHYYGMIMATFNFNWLHEYGEDVWYVFWMYPLWEEAYMEEQLLIIVIMQFQYGQYGLCQFMGRYARWQFGAVIAKLAVGPVRQGGFYGQVQAKFLTPYKEWQKIYPICQVFQFWQPEFQFQFRQQFGWKVPVRCFNQDCQKFTFGQPIVWYKVGVQFRMMYTQKQQQQYPGKDMGLYTIQGQMKHDLWQMQMQDGAQTEP,466,Fruit Fly
P00083,MHC Class I,Membrane,FDAQQMVKLTFNWAVHCVKGMGRFPSDLQDPWWSTYDMKVVGAGQHLVLKGRYGGAGHWQQRGLVVCCADVLLFWLVPIQWEPAMQPDKLQVPMAFKVKLQAKEMFWAPDMCPYFAPPRDEQQTVWLSWSLYQVGYQAGWKDEWYAANYQEWLILLPAGRGFAAPKNGQTLQDRDAWFPMMGHILRFDYTIYIFCQMQFVDVWALMDDQEDEGWLDLQSMGWQQRMWQYWPMSYLPDGGYLVQQRDQPWKQEYMAVQNMQNYTVHQLYVVWYSVYWALESGCIYAQFFNWFNIWLQMLREDMATYNFMQEWWGATDVVWQTYTQQCPRDSYLWDFAQHQDDRACVQFAHSVLYNATMMQLPQGAWGPCNFHSMGFNREWEMKGYHFWIQFQGASYVQLMRQMNIGYVYLLKWNHPVSAVPGQVIHQFYQQLQMQCNGEKLYQIHGHGYGEQYYVLSDWFWYYQVVFIHVPAMVSPCVKQSKQWMMWHVGLQQQYIEPGFIQPPMERKGPCDHIFLIFVIVGGIQQCQWYQAQQFQLEPVYMWIVDAGPAARATPGW,556,C. elegans
P00084,MHC Class II,Membrane,YLIAPSQMCMIWYMYWIWFAPMYFEFYIWQWNNVQGYQQPYAATQFGIAGQIWLGLIEMFGQQLQDARMDEGFKWQDIMRQEFKINQRAQFDQWLLGYQLGNIIFQKCGPKLYIIYLKQTLPGAEGTYATEAMKKTGSGEFWHGINPAEPKQQFDQWWQWQNFMMISNQLYCGYMAQGIELWCFQYHILATPHPQQSHFAQDVHQWFQSAIYGWWWWAWPQMPWEVNYQDFVDLFQYGYRDIQFRWLQMKCQLMYMATYRMYYYNGSEGYTGAISKIQLRYDIQHYHQGTIDRHPMCGGWWAVVGQMCEQQPLIREMYCQPFFMGPEAAGQVQRFGAMRPLMYEMYPDQYCDFKAFWWRGLPCRPPSGPMKMFSQFCLGWTYQDLAWREGMDQQERCWFTVKKNWALPQAALRRWQYWSNAGPWMQYPWHVVWVIIVNAQWEYWDGAQVFGLDYQCQWASKCNFSQTFYLGVAVIRFYSVEHGRVE,486,Fruit Fly
P00085,T-cell Receptor,Membrane,QLRFANRVVGWPGQPGPAGQILIFGQSHYVDQLGDLMHNTIDMAADPVPPFHERTPQARQDVIWHKDLGEFVRNPVGVVYKHSCKQILLKSIFFPQDWILDNQECGDWSCQAMFAQDDKDQLEAGYQVAMNQADPGMAHKMYHYYNQGQGYCAQDPMEQWLEAQYGMVRDAMYQQWIFLCRPYRHQHQLASQMEIESENQFQIETYYGVYWIWQDLMHQRECYQSVYQWKYQMKIVQRGGKGFKRKLFIRQQAFMWGQIVFAYKGHFLFGGGVYFWANGEILIIVDVGCMMDSMQMQPGNTPPGYSIVDWIKSLPDVGAWGNIWFRWDHRYHPPMYGWGHNILHPTQENTIQQEVV,356,Mouse
P00086,Connexin,Membrane,ICAESLEFYLIPQKMPEPQQEQIPMFQVGGPFLVTQHYLVYIWGQQPNVQMLGQDWSYRFIYNEPNQLDVPGGHFLQLYPQQPGVASHLHMLRNERYCWHDCDPWKISNCHIQELPWDIPMHDKGVKITKFMGPAQQDGMLYYMPPYMQQGKWWRFWDSYWITQGIIQLWIRMP,174,E. coli
P00087,Pannexin,Membrane,RNTLKAMHRWIAERYDYFLGITMQLFEVQMRFGGYGVQRGEVRAELWQQGYEHFQYEQSLQCKVKEKQFHQIPWQRQRQYLFCWVLMVYMVFTHGYIWPQDLAQWGRKSVKDLCGFNAEMDLWERGSNDVAWVWQYQQVFQGCSWPWPGWQIQCEVKGLPIWMDIKYHWHPIMQEVNFQQIPRSVKFRVEHQDTWAWFEWVGECPLNYPCQKLEYRYSGQTKRYYWEYEEPWYQMRGYRLEYEYAQYKQQYQTAMCHWQTCMFGLRRRCAPCGFLLKFWDICVQWWQAHMARQQKKMKFAWGIHMARGSIQFDEEQDMWPMQMEEGTDIELQMVNGDMVASSIHPQARHVFVWNM,355,Fruit Fly
P00088,Claudin,Membrane,PPPLLKDQVMMTRPYEQLFAFQWSIPAWHQNQPGPQCVTQLWVKVGQQPNFHYSGGPRPAFQPHDGEFDSRMAQAPLMPCQLATMQPTQYNAMQGPGHSAGVELYMLVWQFQRNAFLGLGAQFWKQKWCQVFGGDQWQDDGQLFWEMGLAQDFEAIPDIQSIFLKHYAAMILQHGAWIARVGQAERMQLEPPCYLIMFEGGEQDQITQEYIYDFIFQHQWQNFAQAVWFYNHQQGFQMEHVFAIHQNQMATQGPQCEEYLQFCQSIIRPFMYPEPRFHDFYGIKHPIQCQEPADQAHYYFMQYPYVWWIGHFYYVKEEDFAGYWPYAWMVITPQQQYKVMFVTQVQDAQNFQHTREFYQQDGWQDFEQWGCYANGQYGMGVPVYFPFKGPCLLWWKLGQAFGVAFQHLVVVNGIAIWQAALTQWLPGKDTQISDCMMPVRPRYLMGDLMDKRTYWEQMGWMQAMQLHIPWQTRCFGPPEM,480,Fruit Fly
P00089,Occludin,Membrane,CIQWHYHSNNYLYKGFYWEMDKMSIQDWNHWQQVVCIIITHIRQQGGALPKGPCRAQVQCQPNFPLARFYWFYWFPYGARNQIYPWMEETEKGPAFWDEEFKMQIKGQIVWPRQVNGATYQCVFHAFYYGLLYEGQYTITHPYWGIQGMTLGGQYDVPSKYIICVEREMQFAEIPAHGNHWVVYLQLDQAEPFVGAWQAIQV,202,Mouse
P00090,Syntaxin,Membrane,PYFLPDMPLIKMKSIPMLKDWRQFQDIGQWGWFNAQIEQNFFIEPKAHTWEAGENGGSFQPSRHDEPVKIGVWQCLILFLHGLAEYMFVWRQDQMGIVDAIEIRMYFNVGKAMVHSFEGFVKHLLMQRLLWGLSYYHFYDEAAEQYYTPEDDQPAQPDGIYIGLHESEQEQPQPQAFVPQLQVGNFVWLLVPHLEQPSMMDWFMYKQQFPAQQFAMYQAPFYQIPVCDQQIYVVEQDGGWGGCNGGPGGLDPWHQAYCYYYYGVMPDWIGDYWWMWAPPTFFEDGTQQSLFETQRQYQAPYGWYHMCQQGFDQSPHQMPMQQQFCYMDGFWCPVQNGAQGGWNRGGWQQHVYCGGFKSQVLYLDFQHIQFLLRFIQIAIMPMPVVKHIQGQFKPGIITHTVPQYRKLMPNDNFPPYVQELVTMKYFTQTQVERYAIPQAQ,440,Fruit Fly
P00091,SNARE Protein,Membrane,AHGWQPEEIMLLQQEEAFYSEYLMYSGVAMDRPNCLFMISAVVWQLKLYQFGMVVVFPADMPNWAVQMGWIMQRMWTAKKLFYRGIHLMKYVYDMGNRQSYMPGGWADVAPHFKETFIVNHVDDIIYGQFQVWCAHFYNQFRVTDLWENATCEVRREGPVFPIGYIMIGGVHVMIHMVMVRAGLFWLVMGEYISVDQGPMAIAMMWWYFMHKIYIVLWQFVQMEVFLGDAVQGSCYIKSEWHTGEGYAIKYWTWPDDKGIFGNIDYEGPPYKMTDPHWWEMAYETVARFTMSALQQFGKPIMRKQYGYYMVRDIYQTCYILGDLYLHHIPQAPSMGLRPGKFQVKQDDLFLQQAFAPAEYEKYECW,366,E. coli
P00092,Voltage Sensor,Membrane,FEQHQWGGKQRFVCQMHYMIIFFFVKDDNQYQVYGFVDAWQEQKDWDWYANAYQPTEGTLMTWPPDQQDGIHVEQGNYQFGVGIPEWLQGVGYHKLVAWILDRQMASLGCSLWMFVSAGVIMVMAVPGGMWKYQPLDGMEALTAEDYPMLTEMTSARFGDANEAGANQKVLFRNPQISQTTLQQQKVYQKYYPYPHPFVLPRVDLVLPIQMELGMQVMNNWVYLNSDPHWMSQVFRFHQQVCQLQIAQEMGTGPVFNAWQQRYQDSYSFLPQKGYFEFLYRYAEWQPCIIKSSQQQMACMPVVKMWGYYPAMVAYQYEKYQRIWKMQRDMCWEVQDKQQAGLTFRSHEHMGSQQINEWPYATHDEGVEEIQYIEEAYDKLAVERLITDENWFVGIQEQQQDDY,403,E. coli
P00093,Mechanosensor,Membrane,QRGGNWQMAELWIFKITVGFMVVSCQQKWKPDLYQASRIQVMYIWQDNKMTFQVVQQYMNIYVMNFDYEIYIFSVMMQQTILFFLEHAGYTAQKPRARCSEKFMMIFKMEYPRQMQHRMDSEYNAAWGWIWYCQDYFFLQELFHMQADTKAMGEKRMYGHQADQALDMYARIWGEVPEGDHWGDTNSGEGCHYM,194,E. coli
P00094,Photoreceptor,Membrane,PHQILWVPHYHWYRMFYEHVGPGHVPMIPHKHKGQMKILHTYIPYVPWQANGRYNQGVIQDHGSAFSIIGAPYHFYKIPWYQNGLLFMKKPLIQDHWIVQGKKTWAQPISQQMWHYQGEVFFRLDDFQSQQPLAYSQLDQRLKIPLMGMEAIPFAHQWAAGEGIAPGIKCCMRIQFWAGLTVFHPEGYFQQGITQAYSMVPFGKEKLAQQCQPYYFFQAFCKYQQQPDLWYMQIYIWNVCQRIAMTHMYANRIGRRNQELMVWQPYAPQFHQQYGKAEQQIRE,283,Human
P00095,Olfactory Receptor,Membrane,HRLPHHFLPQQGGNCLDWEFIMGPAQRAMARGWYVPQWGEISTQPLFRVIQWPDGILAAHRRCYCQNGIMGFQEGKAFQLYALADMVLWFLGFWQPQAPAQKAYNWKYLLYQAQVQRYGWPSWTQWTVRPPYGYYNEWVIMPMKMDQQLDEQPIWLNGVIILQGVFQARQTIAQMMYYQPKFMGPWWSEYRHHLVKWMFQQEQQFQWWYMPQACFIGHFHGEMFFIVPYSMHEICPKPFMHRIIKYGQAWCIPLWMQAWPGEWWDAQTVYLALGLLLGVVKEGWYNFYCRQNIYFTWVEVRGWCYENPLFVELQGLFEEQWLQFEMGPDNQAVVYKNWCMPYIHGQEIRFVRYLWQAKAIQGDYIGLYTVISFQAMFWDRYWQIQVERWWKLCKEQIMLDQQQGQMQGAPFYHMDMGGQMQLFSRQRQLLTAQDTYNANKQACAPRVDTFTIYPLRQYFMRYVPIPNPLFFMCQMRGIWWRSFGDIYIEADVRADLMLLDQGYFINQRLLVIDLYQGQPQLYFPVMQGSQ,530,C. elegans
P00096,Taste Receptor,Membrane,DIGQHQCVQQQNLWMDWRQQLIYCGYIISHAYQIQRGFIPAPYPQKLTQTAQADSWLQQCWPPNMWNEGRDMQDDMNQHKGINQFWHMSFRHWLFVQFYDFVFKPWWQEYFWAQLTPEITQMCNGVAGIQRSMEERFQPIQEWQAMDMQYMGATQGVLPTKIVGLFQMGIICNSVNCWQYGEWCYLCAPLQEWRAKYCDNNEYRQYGYAMTCYIFGFFIYQQPGWWCILIFYIQGMQHGYKMQGDGEMQQWVSYVMCWVHGQEKCWPIQYHQGQFDHEFEVGYMADTSGGVQGYPWVQTPPLHHHAVGIGVWTQFKKAIQVEQLVLLWHDDQAIVIPSGQVY,342,Mouse
P00097,Mechanoreceptor,Membrane,IQKQCFAQVPQFWHAAAHVVEWFKIMRDETCYVFKFEPMYVKPAPAQYKGKMAKLAGMVITISWSAQCDDNVCDTFIPWQFIDGSLVVWPFQILQRPAQVEYVDQRWGCDKFVFLWMIYYKSITKYVEETANSNTVMVAFAPEYAMYKMEPRQLQMQQYAHGCLAEYMNAFLRQGVRIPIPETQIAVLQAQVVIGLQAWKWAGANAIMSYNGVPMYGVPDYYFRYWTVIQQPAEMVLCVHAGQENWEQPQWVFQMCQSGPQIQPWMFVQPKIGTQMFLERGPRQFLDAHNQYELFYKYILLFYDIHYDCLYWGYYQEMIPLLNWNGDQWQWTTPLEGTMAWQGVWRLQYAVYIKFWDNFIRDWDWIDKFPAYMMFFGMTMNIVVGEFMMNYQHMDVHMIMWK,402,Fruit Fly
P00098,Thermoreceptor,Membrane,GYQICSGWMPQYWYIPDMPGRQPFVYLAAYFVMFVLYPILQFYGMFDDGGIEWNKPWIMGSDMWAWQYVSWWLENVKSPHGWEAYQMPVFAKVIEKIHQVWDKMAGQGQHQDQIGWVNMIQKQQWPMTKSVMVMYIMWGPLQQQWDFFTFYQFPWTQGHLGFQPQPLREYKPYGAYQHMHVESQKADFWAIQCYWESWQNRPWGYNQTSAKMIQIIWMMVCKGQRMAYHLFYNKFKYGERESPYNRQQRMFQFQITNMQRAVEFGIPIMWQILWREGIKKCFYAPAAMKYHVGEIREPFLQVLCYWGEKYWQYQYGAMAFDAWGQYYKGCQPGRKDYYLLAMVDQGQSLGGAFMYDHMLWWAISLVKRHAGQALYQWPYPQLYFPQMFYMFAKEGCFMGEQQATRLFYTKSGLHTGSQFQYHFFGRAKEMAWIWGWPNQFQMMEQGGWEHGMIRQLAIYAWHFPIFIAIGFHLPYVIYDYDMQQWYVEFQMNWNRGLGAYSYKNIQYFFYQAQPQEAVHRQYSQRYGQAHTCSGMSPPHAPTMWGGVWQLHRGQIVEQYRYIPFMHGHHLKCRPHFSFAWEDQRPGNFE,589,C. elegans
P00099,Nociceptor,Membrane,YGYWYDGEHLEEWDNCFFVYVVQLHQRGQGNFSGYYHQVIGIWYMQPQCPEGVEQAYIPAMLWIKRHVQMITDVIYNWQVRWLVHVHQGPACFQQWAQGTLAQLYWQTFPQFRMICCNSKNAALDQLGLTMDEYYGYILQQSVGALHAWYWQQYQSSGTVRRGKEEQWGWQYDQHLTWFCYNSLTPAGMALRYQELVLKNEIPFYPKFSLAFWPGPVKEFKYMCVFQLIQDRDEYPPWMVKWVRRYYQKDGYDCFYGGMMMGYFEPWQGGWNHFQGVNFQELGKQLYGVMGTPQWQKHFTEKEAYIQIALTVDGAWYPWLPIKTYLNMQQFWPAQVQFYFPQGHEQRAFRRELQSRMQCNQQPQDFWVKDFGGKQYWGQMQASYGESKEQKYPSADVCAAQLFMQPGEPNQRLCSYQLVFQQGLD,425,Human
P00100,Proprioceptor,Membrane,LQNYIEIFVSVATFMSMIYVKFQAGTLPWPWQAWGYVDNALPLPMRDKDGYGILCPAIQWLIDPVQYDQVDLDVPWANQRWPRKICGALAQPFYMSFQGHALQARRYPKGNYIEQFPVKQMYYQNSYFKRFIFPNYIFTWAVFVVGFWQKLFKNPWQHWPAFQWQLLVHTRQFDIQFWGLQYWLGGIQQCYINFPDFKYFPHIYLHALIMTRVWSYKWYQPRTQQQLFYYEGEHSCLKIIMQILIAWIFGYVHRENFRVIFGSMGGLFRLDGIIWRLNMANQHWFYDYWIKGGYAYGWFQMTYYQSIKAIEPIMQPLQTVQLLGMESVQIWTAKLQEAYHQMQHDQTYTHALSQGERLWWIDYFFMVNAFQWGKFGKAMYVAWWGGTWQRYASYMEKVYIEQQGQEEMFRLQSWFGQMGKHG,422,Yeast
P00101,Collagen,Structural,NMAPDVDEQEQIGAYSEQPGQFQLGQPSNQYYQVDCQMQKDTGEGGCFGSYECDGGYWQNGFAETQMVLMDKTIFAGYYQGKCQENDQYQQQLYGFGTGQHQQQMQLTGYGFAQPVYGNVGQPEIGSGREYRYCLCKHGEGRMAGLMFQHMHQYYGRMYCQQQGQGGQQGMRMQDACQDTRLIEKCEAQTLFVWSGWCQQYFIQWQADDWGRYGQRIMVQNLPQMTLLGQCYLYIYGYGDPGNAKGMEYPNQYTQPANQQYCVEYQYYYKYVGLMAFQTQVADNGQYQETGYTVEQVYDRQEGKWGQGVSREPWYGGQNYGQIVGQYGNGYGYVYHQEDQLAYTQYDVCFEWYDPSECRQCSYNAAQQAEFYAIGSAYYGQHPICWHITFNGQTQYHEDFVYTWQFQPFEHDQKGFTQFCAWPPVCFGYSQYYLGQAGYQKAMVDDQEPPYKYARSIYHQGQWQFGYMKPTGMLHHGYYYWDTQSQYYKSRTQYYQMYTYYAEYEHIAGWGRQQYSHIWDGMSEQ,525,Human
P00102,Elastin,Structural,IIQWYYQRYMARTDQQVQMQNTGHWSYGYVTGYPLGDLEQYNYFNKRQNVQPSHQHNEQYIYGYYNYGILFYGNYGQLRYASQGRHNVQSEPNQQQMCNGKGYLYYEQGEQDKTYWKREYKFGYYLGGTYPDDKGMGTCQKEGHCHYTQECVIQVELSAGYGEGVMALLRAQGQAYYQRYAIVQVVQWYYAIHQGNQQYNIGTFGEKGRYYEGDRACGSTGVYHQNWNQSYQYYVLAQYAEQYRVWYYKWQYLIKTSPQYPYYSGEGKHCNE,272,Mouse
P00103,Keratin,Structural,MFYSCGQGLNGQQRYIQCQVCQSWYYRQIQYTYWIQLWCLGQRNKMSLCEQYGTGQQPEGSQTMRSQQCEMYGRQEGQGCVGQKTHGWYYDWYPHMEQGGQVANALEDPCKWGVPPPYLGNGQYLGCTGQIYPQYDPRYRPNQGGYIDSMMYATQLHGWPYDGMYRDFMYPAEDDEKKQKEMYVEQEQYPCGWLHQVLEMNGVGHQQKDYSVQQLYEWIQQQNYCYQHSPITQQGASSNIHWYGQGFVNYFEVNAYRGAAGMFCYDMDGQMYEFGHYLAEKQGEGFGKLMLTNQYYRYPEQLMDWYQFKGSQYPVQQQPDTQYGCGQMRRYYNQKSYKQYLFQQCLQLGFTQCRDEYYYYLQQYHVGYGDMQYMYGTWGMCGYGKHYDENQHNNQCACEQYYYQASQTYTDSNSYEQYHPGYHVDLQDQLYYDEDCQHWQPQDFYECCHAPVTWVYMHIPGAIDLSTTWQREYGDGTQYGFEYVQHGMIFVHYRVPENQGGLYFDCEPSWLGQGHILLQ,519,E. coli
P00104,Actin,Structural,CYYDQLNYEPIYMQMYEERGYGLVAVYHGACYQQYYQYQAQDVAYRQMNQRGGPWWGQNQYLLGQYPRQKTQQGYIDCVYSTQPYGQGYNKQIGMAFAQYKYDYYICGQYYYDYQSYVCDQQQHKYQFGYFYEFYPVGQMQMWVWTQINYNYQPYLQTSGTEEQQQDVHPRFYLQIGQAQCQQMYVPLWYCYNQFVGYYKMWKHQDGGLDAWYGGFQFYNACWKQSEGYCQFHYIYLPWQGPPTDYQYDPPERGSMNQGPGHQTDHGDPLGGQFIQIRYQGGFYVYWQDVPQRGPTRNDPGHMDENFLCAEGYYYDQLFARAFKQQYCYYQGIVQWCKPQTPQTYCGVRIQVLYKEGAWQACYLGQYLWGQQGGCWYFQAYQPNFFPGFQVGYQPGFSYSTFVAYFYGDYYCNQQGACKGYKGMGFGPMLQEQGDEHVVFYWQSLQQMYHYAAGYRYGITPGQDYYMCTEYFHGLHWKGWYQIKYFNGQACGQFDMGMMYWTQQAEETQYYPTRSMAWVPACHCQDGQACCSWYVQGDMRVIGNSGWEENYQKNRGGIFQWGGQYPQITHYPCNQYFGGQDQTQGR,586,Mouse
P00105,Tubulin,Structural,GYAQTQGYYQSWRGNRVYIYNMYHDYYYYDCVQQCAMYWGQQLQGWNGQIPHQQPNQYQYMGIYDQQLMKYYQEVLIYQSGCNKNQKAYQGFIPFQFRGYISPIQDIQLQEGIGQVGGQYIQTLGRQERWPYQCYDQWEQEIHEMGGGQPRPGWQMAQQEWQQGDLVYGTSYYGELMGGLLGSEDGGQEMGGTWIDVGYDGSQMLCEVEQGRDQGSHYWACYILWYDYQQTRQQYQDTNDDQGTFAQGDGYQSEPQQYTHCCKAQNQYCWQYALYCVYGKQGYLQLSQQYKGDAHDAAFEIYSQGHTYQYHFECIVLGYGVYIDGIQYGYYQGNDCQQEYQVERYCYQAAPIHYWDEWCGPFQYHDYYCKYFQSQQAAGSYISVGFCGQGTDGYYQYAGGGQRGVDKQQGWTGWAGVWEQYQGTQQSNGQTKGVYSQSCYQRYGNDYACQGSFWQLFTELFFVPRTNGRVTQQIWRKSRWFEQIYCTGNEQPESMDFPGPYQITECENIWGFYGWLSEGFVSVEKNKTNMENWPLVTPSQHYKA,544,C. elegans
P00106,Myosin,Structural,WWCFNYAQYGGMAVVQYVPGWSTGKGIQTGQHHVQGAQYQEFWNSQSHVYETQGYQEGSWQLMINSDQPYMWYGMCIQLSYEQQKEMQAGCCFDFILMHQWRGDQMYRRKTSYMEGQAFMVVLPSQQWLHVHSQGYQFYHEGQGSRDYYNQMQLDYTYYLQYSDEFTFLKEFGNQCLYDSSFCWHYYAYTAYNAFRIGHNPGRQGWTDRVQSQCFYSQDEDAYLSVGDYYICKTLGGTYEPQTFAQHYWVYKYVQSLYGPQGTLNPKYYTVQIAYGQQQQMDFPVMKNSYGQTAFYYPGRMGRLQYETQVWSGHGQGFGGVTGAVGYFTEGQYEQMVDTITGGIDCYDQPKMKGQQGCFYLPCTVGSRIKYQQCQQVYVLQYMYGQDYYYGDKQTPGMHMEQYFQNSRQAGNLQEGLYGSDQGCYGIEQQGFQELYGFQQVQQLSQSYQQQSHEDTVVVQSVEFLDDPKSDYSTYQGRKKYGSWSCQAAYFISETKWDNYNTEWMYLGFYQQRTGFGYQVIGPDSFRGDYEGCQHEHNMFYNQQEMYIDRMAFVFQQYEGIAKYPRLSDGLMHQNSNAYPGHDMYWYYESQAQMSA,596,Yeast
P00107,Tropomyosin,Structural,QYRYEYLNPETYWSMDYYQQYQWSQTAQCYGGGGGQYGNSCDFYAMLDNSQGYEGYQPPWQDSHGQGGCRYYGIFMEKQYNMYCYEFINNGGQGKKYIQHQQDPEDYMHQQAYWYMQGCTMYGYGYQYWYCQTQAYLQTNVVCQVWTYNQQEQYQAVVCLRQWNGFLGPYPKYWPFGGFYGQQGNYPPYGNDNPPADFAQFYYMMDHHEQFGFQLQYMMNFYYYEKLYNQQQSCYGGPGEQGCGREFHEKYTYQGLWYAQPQHEMCIHEGYKAQYVEFLEQRYINYKWYDVYKWEDQGNIYGVWGYWYAPCHGKSYAGGLLYDIGQNGGQIEEGHGVYCYQGGYQYDGVKCTYVMQNCQGSIDGKAFWQYYTGQGGQNMQHYYTEHPLEFSLGGEQQVQLSWIFKNYKIYRIMYGHQKYYELMVGWRGCYENYYCGGYGQQGWYNGHRGEPLGGISNQMVAYGCVDMLGYQKQYPVMQGFFGGGFKDQAKFCMYWQTGGPADSPYLQPFQKPGSIGQDYLLCQHASAVNCIWDGCGIMGSQQTWQMYQKDNGQLYAMQKVDAREGVFLVQQYGGPWCGHRPYYQDNYHNQIYQRAYTIMYYGQ,603,Fruit Fly
P00108,Troponin,Structural,YESYQYGGYYKVYQQGFQGEYYYQIWYQNANNYVMYIYTYPSCGEAGFQLRWDRCMYGYDYVQCGEGGQYDPSGQHKEGWRCQQLPYWGGFMVPVYGAYWGVPYKDSPYYICEEEYQSEYESEYEIHGGGGMCVYTGGGYDETFPLQWYMQCCSGAYYMPYAGIDYYTGGRDDQGFPQVQGAQHGQSQFEHFVNVREYDQWICQFCYGQAINLEYGIAQKQYQGCGRMACPPKQDCLMGGSDYWNYYLLGAYWATQYGCYGQQGQYGQNYAYGGYQDIPGDPWNYDLGAYAQFYEMPTGMGYMAQTIYARIQNQTSQTCFQFYKVLQGYQVG,332,Mouse
P00109,Titin,Structural,CQFAQGTGCMGAFVRVGDSYYDMFGFWGLQYEGRYYLQGQGNILAWDYQDQGQGIRGDQLCMGKFCKQQWHNDRYQWYQSMYYFQDFGYGEEDVYYYGGAQTQNIGGGLGEKQYAHGYAYGAMDYEYEYAPGYDDEFYHEEGQCSYTPQHAGGKGPSVCDNERSPFVYGGGCYDWQIHHGQQDGWRGTPANINTCMYYDECGQIIYVQYSTGAGLQAYMNYANCKKYWFCYYDYGIVTVDEEWYSRQNTGYAGQCTYLQGDWCEKYGRQQVLQLSNIVPFRTQPQMDLGPQPLHGQCYYEGACYKYYYMAVQPQMWWISQYYNGQQMGMNCYEPGCICHAPQGWECEKWSVRQQQQPGWGGCKLCQGIFMQQDYYVQKFQEQYGYGRVNCQQIYGQKYKAVIQWYYQCQDRGGAGGQQYYQQYGAGVECNQGYHYQSEKQNQTAPTGKQEYYGQEACQDQYVKYQIRQQQMDGQQNDYCNHYFGYEQEGEYPYVGEAIFFGYFNYFQAYSFFGCDLSKQMHGQGIPPMMMLLTMFYWPMHGMEYDYYMCYQGMVGREDAGYHEYIILQQMKVIHKEYYCYSTNCVARHNQDYELQYRFVGLYGMYGQHGHDQLQHTYELYPERCGYGSQCKQVVQQYHKVCSFNRYHGQQDPSYSQDFHGYGYLIYWDYDTYFYGKPGRPQYDQQYHYTLWTYVYRNNKCCGEYGGWQHGGEQVNFIYMYYSNF,724,C. elegans
P00110,Dystrophin,Structural,QGTVQLGGHYPNYVCESRENAIKAGGTYHWEYPSANSGFLCGQTKGRLPWHLTECGQQQGQWYNGSSQIYGCQIQQYYLSNEMEGWMFYTMGMSGEEVFELYCNAYGNDCKNSSALVWYDQQNGEREEYGQQQWAVFSMDMKVGGQQFYENPFYEFHPLQCQQNSAEDWYGDGLAYWIVYPSWGRFGYKAEQMICGYVWQGQYSFDQSSQWVEGQEPSQHGMVDYQYEDGMQRQYAPNWSDTLQCYMYPGYQQFYCWHWTQMCTGQAYQYQQYYSGKLWYGHHVSYYYQYACIHGMYEGLPDYYGMIGVYHQTQGGSVQVHVHTYQSMYCQMWYYHMSNVYVCGMGYVGHGYGSWAYQMMGQWWSQQQQCYIGQPQAQFIYDNPECHYYQYSSKATGYDESYYYIGYMPYEGMFLTRGGQAIWKLYIIRQYGFYDRIGFFMKYYGQGCDSDEYPYMVHEVKHFYLGTRYGGPLDQQTNKGIQKYHGVGHNPYFWIAYLLNKKQHNYFGMGCNDYCKWQYNYTGHHPQYGNCEGQADYFCIGYGGSYYESQGYQTYDLYKMQPQWCCYLQGGPHQAAHQKCGQIILWNPETQQMNFDGYRGGIAGQQM,607,C. elegans
P00111,Spectrin,Structural,YIWSGAYVHQGYLMYSKWQQIDYTCCWGNHIYYEQAGELANYYYIQSEYVGLFGACWSVGAYGNGLWATQAYYMQQQKVTDQYYWTQVCVCSMLETAYEFYMIGVGGCPMPGCVDVVIYFCPEQAKDIGSGDYDPGYQLDRYQKYCTSWTANKYRKPGWQHVSFLSDAGYDNVLYDKLAGKQQGAVMQSYQYDLWKQQIQDKMNQQEGFGLLFSGQGYIRGKMYWVRLDYVQGLGTGYPGGCIMAPNSLYQQFGQQGYTFRMQTQYCAAGYQWIWPYADNQDHSYWYQGTYYNYQYTQDCSCAITTSVEFVARAVQFSQYGQREQNDNEVYQIYLWYWHPDKQGMCQGDDQEGMQWNVENIQSCRMNTKYFEFSHADTQYFMPLYYMTQGMQYQADGYFQQMENYGILQAPYGRDWSGTNIEYKVGMHVQYDGHAYRGPFESVWGPCKNYIGYTQGQ,457,Fruit Fly
P00112,Ankyrin,Structural,HSKIQYEQQAYERQYYQYRFQIRGMYAHDYGCIYRSIWSSKENQRTIEEDGGGWNCGCGCANILAFGSWQQKQKQMSGQYEWCISVSYAQVCQAQQMRFMSWGYTYQPTELGYYWPWQYGHRTYGTQGIYTQGGVQQREEHQMVQMGAQYQQPQGYAQVGRKTMTTRGQNQYLGQQGELYGTFQGQDYSQKMPQIGYGEQPDENQYYEQYPDSVQCFGRQKYADHYDLSDMYPVWYQAGMSAQYYWHDCCGWDQGMWDQQWLDNGHKGLYKGLCQEQGQSLYGDEQPEMIQGYQLTPIIPCVHQYYGCGYLGTVGYEVRSQGYVQCRWDTEMCGRGYYVAEQGCVRQGTCLPCTEGAHGTRHCVMWYLQGYGLDQPTMEVHGFYILSYYAVYYPDGMVIGMYYDIQHTQGNCPQYQGGPEVYLGQPWGWGCYHSLQGYFYMVHQYQWEQLQFYGYEGFQPPQYGMYDYQLRYNILESMTMMFGIYYEAGKPCICRCGQSSGRQGGEAKHSMKQMQGYCCGEEFDQWSHYAYLGVLGYQIHPFMIYADEFQN,551,Yeast
P00113,Talin,Structural,EQYYLIVDPGYWDERQLCYSSYGAQQDEGYLVQWYDIYRFWHQGHQMGGQPNQYYYWSWCGYQWSYLLCCQNYYWGVPYCCSMSNSQQLMYEQGIWKGPDGGGGMMLVQVGYYERCQAPKNQQYGTAYGEYQHLRQNDGMDTYYYPWYCFLHIDYHQPKPGQQNFYGGAHYYNSQMRTIQYQCYQGYQYQYYGQYGVQSLYCAMAMEYQEGQGQGFQMRTECQVAYMYHIPYDPYGCDCVNYSTQCTDLYWGSYYPYAPQAVLHQIEQQEEQGVPQGYDQEPYDQGLHWGHSQQQIYQEWYGYQWERYPANLENYGMQYDQVQWTKDVICLYGCAAGQNGYFQRQRWQAGVGTQVNGQSNKFYFYHIRYCWVGQQDTDTQQMDDGQNNRQQQWHICFAQNVAGSYSYLIYQILQWFQYQQ,420,E. coli
P00114,Vinculin,Structural,DLYHEQIYNMGGGGETRTFEGEQTCYDPCVGYQFVLMARNDCYQNIMANYRWYVIGWGQGVHNQQPQFTSTGNYQYTYRGAYYGQITKCNAYQLAFHGAGLQGQIRIDFYYEYKMEQEEQHQLHLCMLVSFGFQPIGYYTLPDGQCCWYMRQYMFYDYWYGGTPVQFPFGGGDQFGSNWAQMKAWYQQYGGGTMMYGQLVYKCCDQQIKTREIGHQMIYGEQQNQKSYDNTQFQFIGGGTGDSYVGKQFQGDQQSHYQNGAYDRIGGRQIGGMYYMYGQWSQARRDQQIGRVVQDEGAYPGVGYSNWQPHWQEPYQDTTWPEYYGAGEHEWFKLDCQQQGQYQGYIGQDAKGYRFQYPYTCYYSWLQYSSQGTKGFISYGELTAAEQYGGGYDNMHQDWYHQPGGQDYVWCDSVEERLQDVYTRQGQVVAEAYCECQMYYGNPGYMQF,448,E. coli
P00115,Filamin,Structural,YNIYTFEPYPQLYDYQALQTEQVYSFAYSFVWGTQGYQPDNHWQVFYLLMVWIHCHDWIGYWQGLQCQFVGMLYLQTYQHSYQLMPTYMSQYQQVQMQDHYYENIGIYHTEYQIQQYGGMEYQEGYQLGVIYGDYWWGYKMGYMMRWNIINWWYVYGVPYSRGLEQMFEQANASFQEQGYWWEHRMKLCLGIQYGQLGYMDTNQKMQWGQYGYGRWNYEDYGGVSVRPGVIGFYQDGGPESIPEGYQCYGACKQYRPMQALGGDHQWRDWNYKGGYYYYGEEPGCKIGQYEDRASCQNDQHASTGSYGQIYCHYTQSTGPVQVWHIDTYQQIGQNVFQGQGTPQHTEICYLFHDMIQLPNFEGKGQLRYCYYTLMQLGQGCGYYHPNTQDYGEDMVYYCETSIYHDMEMCSSVYTEEEEYYSGIWKQYGPTSGARQGGCQYGQQFIGENYWACMYQGGFHGGLYQMINMYQGGYSGYYIRNYKCYRPGMPPMRETALRETAVAAYTMHRNVGYTSIGDANQNQGLRGYYNYYHFYIFCQYQFGYYNPDWMYSKGSAIFQYQMFGQMQCFIYHYMYAMVYYANYTQQDYYVSVQGLENYNYIDCVDGQYKQYDKQDYPYMLYGNCAFCIQGMLQYPMGNYQQYVQDPPWRYAYDQYQQSHQHAGFLVQWGFYQNQIMEYQYENDDWGLKPCDPLVL,695,Yeast
P00116,Alpha-Actinin,Structural,MGTHGYFGQIYAINYYQSKQGERKQGMCTQTIQSDLVPNSGVAYGHQYLQYDLMQGTWGQYWNVQTYAIYGVNDYDFDYGDQFKYMQTQATDNMYIGMKNEGQQDKQGSRFGYQDGNDCYAFYQGYYNWQQCVGYLPQWCDAFNPGKAQIWYAHYSNYYYDQYNDFEWNFCHDQYHYPGDGINIANGDSYLSDDEPSQQTYVSYHGDDWGQKLQCQVMADEEEKGQIINLGIDIDAGQTIQDIYLFKPGLYKDFWGPQKMYQQQYAPRHNTQGMGQGPAHQYDLYGQEKDQEPGYDRGYIGNQQQQTGMLGGRQTGITGQLGGFGGLRGWKPSMKVNMGGMQGDHIQFYRQCHGLFAMWDGQQMGYDFQLPYDAYGGCMRYFCFAGFYTLQGGGQDWGEMYEHPQQETCVELQWYSWDGYATYGYMGSSNFQINGQWQRWACEGQYMYKTQYYIYYTTAWYMQGQSNLMSQQGEGHMGQAVFWLSQGQIIFQWEPMPYAWQYRQTWHTGQGQVQSGQDRYARQMDDGYMGSEYVDHGYGTGECTSMLAYYGYVKQGPSMTSGYNKGSEPHFGWWSE,576,Mouse
P00117,Fimbrin,Structural,FGYGYGNDYWSYKYTPPQQVFLWSVYGVGHWGPVMQYCGMQGEGYYGMPIFNLSGYLPVGKQYGFHQMETNGEGYHGQQGRAVACLVVHMGSGGPQGICYESQYGYYTEYAIWWMGYLYEWMVGSFVQGHQTYTSYYQPCGWYYVGPGGNAQFDTKHKFYIAHDLERSYQKGPGYGGWQAYYSSGMSTHKIEQPGEQYDGLEKQWQPYQFFQGGFGGLAQIQSGYNYMNQMSGYGYVYGFDTAQYQDGMLQYMDTKGYPNCGKQYPYRASQKYRTGYPFHTGFGDCQALGTYRMHYQYWPNTYKFGRQYLQQKQGAECKGKPHVSKGKIQGTQGWGDPFECYVQYGAYQYNYAYGYWSRTIIYPQQGAQMAIWKGCYYQFIVCHRWENCLDYYQGVAQGYYWGMNNDHTETWGGHYRFTPYRWDGCQQGGSTQCIPYT,438,E. coli
P00118,Gelsolin,Structural,MYHDFVIKYYWGWAGAYWFEIMKNYYDCKYMSYNEAGWGLYQEGVMQCYAGWYTKLDNTGPGYDAYPYSVFQGLQFGGGCNENVGGQCCGYYYGFAYMQGKTHYGAYYPQRFAAQLNPYGGEETGWGMGRREGRSQLIFYYVMHTYTYMCQVQIHPYQYTQYSMYGVEQSCQMQGSIFQGHYYDQGQPYEQRATLMRGMNGTQMSIQYYWQQCGQQFYKQEMRYATMGQEYNDEYGGQYPKQQNYQFGQKPYHIPAYTFQQVFDMMTQQYGYRRGYAIQCANQWAYWGMIYGYPPGVYEYGQCGYWSQDVQDQYVLYKVQKTKGWQQGYTYQEQRQGIGMRDGMYQWYAPQQEDMYPIQQHFTGFIGSLMGKPGYFEIRPSDRNIQVGFGPVGQKWPYWLVLVQMYLGGWMIEYDDFGTQSAGDYNYQNVYQEQSQVQKYQQQGIAKYLYRYQGWPQQQLRNQQVAYGGYPGGAYQYICRIQVGCDMPNGYAWYGALPIVDQAGDQGGYGNFQYWGQCDEHAQQMSAYYRGG,532,C. elegans
P00119,Profilin,Structural,LVELLWDQYYGTSSVYMYIVQVHWAGGWYGQWYGANMCTQGGVWADSFLYDWYGCMYTYPKIGQCWSGYLQDAETGNYGYAQEQMQYQFNVWCQGNQYQQGVQNGGADCVWYPYDEGKCFEDNDCYDQKGREQCQALYDTQRDGTGYYMCEGGEQCY,157,Fruit Fly
P00120,Cofilin,Structural,GQQKFHGYSFKHVGTYVYGSDMQYGILEVGCNFQQFTCQQYQYGYYGIYKQKLIQQGMVRQGQDYCLQMGYFIQGISYWMCSGQVQTGGDVWYWENQYGGTLRYDQLQYYTKGYNCGQTCGYCFGCMDCSRGWINPYQGAPIPNVGYDFYVFNNSMFYTWRLEIDDYLKQGQQDAGGDGEKQFGGEIAMFQVLGQFRQQTSLAKNGLGSDGGVNWEMKVNGQQDYFCGQPYQHTYANPWPYQNWYHYGQLFSRQQYPGQQLLYGGPGGYEYSFHGIAGVIYANTKNQGTTHVQLGGYVRWYRMYCPKPQSEQSSFQYITQKEGYQYQGWMGLYGNNMWGPQNYPRSAYQVVYYMMAAIQNHMKMMTPGWYRKYMWQSSGWQIPQLQPPMCRPMFIQTGVVEYYENVGNYEYEYSHPDRYGEFQLGKGRGSYVGPGNIGGYQPINSNYFTEVQPQCYRFIYQIMTQYKIQSGGAMVQYMEDPTYFGGVYPYSYYTQKES,498,Human
P00121,Fibronectin,Structural,CGTVFQCLKSFDWHNKQEVNMNNGDQMEQVAATSYRWQMAWIGTGYVHRYVCYPIESRYRKVYGMTGSQSMTGHSPPIIKCPQCYLWEMIWAKYQPYLGQVVQAFKIQLNDKKQYNDMNAYLGNQCYEQGYVHTWGWNNMIQLDPQQSMWQEDYQYGGGCQYNNGCGMQQPGIYQQFAQFQGLQINQEQWSEFGSQENYGGIQQCSGVQFVIYQHQGVWCNGQKHINQCMSHENYEGYYFEGIYFGWYAQLLQACGLPLYQYQEQCQQAGPYQFTSQGDIQFGLEGNYGIDGTPSQTVLPMRTYGHGTYMFMIYWIQGRLGMDYTQFGEDQDGMGGQQIRQYRFTGYNMGQRQTYGQGSQYLINGDRLTPNQGSERVQSHYIMFSLQYYGYPEIWYEPSVGQGGRIGVCGQRQRARGRYDEQWFNGYWEQDGIQQMYFVQGQGYGMGYDRIWKGYRYYEITIVIYISQGGAGRETKQNVSHIYCTYGQLTPGDYQDFSLYWDMLVEVDYQGEYQDNNGTCTYMSYWQGSYQEFGIMYPGCYVCCVQTQRHHQGYNKWYSGLCRVLQEYQKEKWSFRGDPAPTQPGTYYEQWFGSQVPEAQQIHQQIAMQYGLVDYQCQFYMQYAG,625,Fruit Fly
P00122,Laminin,Structural,GFETVYEYGNYGWQNGYKLPIRPENFQEGMVQIYHAYQGYHSTCQFTCCILKGDCYYLMGRFVYYQKFYITFNGEWDYYGPGVPVWYGYQNLYYQQYGMYLSYGEYMVPGYDQYDEGVFMYQCQERGETFPEAYDNGQPDGFMREWTKQYYRSGDYHEVYSYTLNWSNAMGGPKHTIIGGNGHLGAGHYKGVMYYYTCHAYYQKTYGGYYFYMYEMEIWLKLLMWFDDQMGSCTMKGGQYDRYYAGNDYGQYLLNGAYKGVIVESYTGQDWYVVSADDCCTQPSDYQQLYWYNDVCG,297,Yeast
P00123,Vitronectin,Structural,NPIWTYKYGDKQDKGVYFGYRGGHQTYETWCGCNKCHSQEYGLGIQWRTYQGNEYILFHYYTGGDVNNYYMPGSPMANSYQLITKYQFGGFMHLCGAGGAHEVAKYKVQGEGCQPYNGGEQQAAYQTLGIDNDQRWECGKGQNQIGLLYFFCDFREQIDDHYAYMSMYRQQQLECHTFYQHNQNQYRYYYPGFGEFGQRWNFVVFHHDRGFEYARDWMYECYGCKYQEAQTQYDEVYTEYADDIGEGVTQGGCMQWQPWTRGQCPEYSFSGHYMYLCEGLQYVYYGQYTGYESQKDSGQYPGKGKMHQGTQGCDSFGMNYQPNDGQPELYMYMGSDEISMVIHYYMAYHPTFFGNQGYSAHTQFYEGEEQWVQHMVLYKGCYHDQF,386,Yeast
P00124,Tenascin,Structural,QGQQSQGTQCHVFQCMGQAQQWGGGKLFDGGMNEDFEGMMLQQKGQFYGLPYGVGQVHGLYYGLGSMLQNGPGPVQPHYYKDEACSTIISCKIGYMMGQVPVYQYEGAYTFAGGEIIMSQAGGSDPQYGMGGSYPDEQPTQLYVLQGISVFKCPCYFRWTGQWEGGYKQQKDYSYHWYQFGQDHDKGYSGQLNYYQAGGYEFRCRYDNEPISYYEYIQQEWTMDMRFVMMYNYYPNDQNKYGQRWYACDGYLQPMGQDDKWYNQLCKRQQIYSEEDGEVDFDTLYVQNQKILPIAQMSCYFQRDAETQGYYGLYIGACRCGHQNYGWGTVMYVAHCYVVSHYDQPDYGQRNGLFNLNQTYPSPDAYGCLIRGETGACDQQSWLKDQDGPIEYECDHAYKTDINEWGKGYKIYTEMYTSQQGEIGSGEQCYDYWYSDASYMYGGQPESSGGVYKEQNGGSGLYEYRMTCQLYPGMQQQQGIQIVDLWQQGRQVQCGGQGGYGGPGFGWQNIQIKGNRYQMPRTSQDYFFGLYNTNNGQEDMYEPWIIYQYKQNECAENFIIRTAFWQTFYPDWQQYGCQSLMPDVGQGDEEYLFGGSNMIQSGYAMTYAWCALNFY,615,Fruit Fly
P00125,Entactin,Structural,DYMFYYFPYMGQMGCGNLYIQNWMYCYAHYWQQEGGHGYGWQYFDSGQMQPKHIEYTLYGQAQHFQLYGCYEPGQKQSHGWQGGDYYRQSHPQMVATWYNGWLGCMQVVQVLGLPGCPDMQEQCYPTPKSQQEFDYMQAVAQWPQRGSHPSDHTGRYWGCKQGQFGPAGPADGAIIIVQWDQEVDQSCVHWGYCGAYEYPDKKNMSSQDTIHDEGYMDCNQSYQIVSPAQQYYWEFSTEIVDYNAYPYFGGYTMGQGGRQKGYHEYEQGLIATGYQLGSLGWPQYEMIIPGQQGGYQGKCEEEYYICYDTYMCVGYHQQYYYENMMYFQPSTYQQDQTRLGPDGDPEYFYYQQMCYYQQYGLSQGHVMDYWFYNLIKDQRYLGYWYIDYYQQYGATAVTGHYQDGNQPQVEQDDYCVWIQGNGMIGSFYQEACGYGQYGNYGVRVGCGSGMYLKAKYYLKGYFQEIYYLDGQLGWYQQSDYLVSYRKYDMDYGYHQKHGGYMQVNDGDWPEGYQGRYPMLMPYKYQQQYCDGYQYHQQHYGSGAKRYVVQQCYNYTGHQQCQYGQHTLKQLAAGHNYTCFIFQHLPPLVIQDYYYGGGQVVPYSQTTNDYTYIDEGYRMYL,621,Fruit Fly
P00126,Perlecan,Structural,RPSYSQYGNVGYRCKYYGQDWEDLSYGGGIEECMIPYFVFGWPTSCYFAWYVQYQYHEEGWEGTQVQYYYYSGWHQVAESTEDTKQQYITGQQRGLSYGEVYEFRYTGSEMRPPPMVNWFQCTVRDTTYQGWGAYRHEYYWGYATYKYHQQQSQFSYGYVGRWRYTQERQMDEKKYSEGWQGFYQGSQIKPSQGGCQCIYSVQGQDVWQADCGQFYQDGGCYQEGGYTQVQICGIVYYFSRPDVTGYELGGRKQYGYFCGQQFGGHGFRQYKRTVQIQSNEHLWIHGLYGLYGGGNWDPNYHCPFPYQRFYYQDHE,316,E. coli
P00127,Aggrecan,Structural,DGGFYEYNQRGQQYVQQWNDWFHQWQYYNRQQKMVKQDGMGKQNYKPWWNYIHSRPHSTDLQQYQEESSMLYGSIASLNAGYQYVYLDALKAQQYNRYVYYQCQYFPCYPYVGNVPMWKQYGQEVQGQYYYYEKGGTKYFALGNDYVVQGAYYYVTGNIMEQWGTCYSGMIEQMYLCWYQVGPWPQIQLFYEQKMGDFQHLNYTDQGGFGNQATMSPGQYMTQPDTQTMGNGMHQKYQGGRPYIIGGSYQEYIQFGQYGQQGSLDYGYWSEYSYEDYDMYPGWYYWQLPYYPQYVGKLGYEYGPGSTQYCYKMYYGEMGSAQYDWMQEYGEYYYQGAQIQYECPAGQEQPYRFYYFDGINYYGSHGLDGGFQEGYVIGQYEQNHAQENPTVNQWEIGEPYYQLCQGYDGGIYYWNSYGYYCGLGLLTHYRLQIQQELYGQFGDLQQQLYCPGQTGAQMWDGTRIYSWPITWYQVKRQPYQHWPLPVGGEPMYLQGFGEYGQGYGYVSQLKNPPTRYKYCGYWKGGQAQTFRIYQQDHQEQQCFSGYDMLQCGQYEHGNEAYQQCKMCQGFCEFMKYYTWMWVGPPPQTIIQQYWSYTKGKTQGGYNGQYCYEGGYGMRLCYCASWGGGPFQAGYCDFQCFHLGKMMFFQYILT,653,E. coli
P00128,Versican,Structural,DYQNVLCYGPYGGALVNQYAEGFWYGQYGYVGQCQRQVGYGDQLISMNIYCYTLAIMAEISFGFQSGHSGDWSQHCFYFMCCQMRAGCYNERSHTYHQFMCPNPGERYIGKAYRDYYYSYAGTHGYQQWQRYGYGYAQFPRYYCGYDCDYQMLPKCDGNISWGCDSDEWEPKYDYLIVVSHGGYHWTLEYKVQTQGSMQGLRGLMWLLIPMQEQEWYRCQYCQGQFQDGFPFSVFQGHYEVGYPCNDMGNGQYYWGYYGQGASRNEGEQYQYRNGYGYYWEECQGTTYMKTGYTGQEMYCHVHQGMEGLYLYCDNLLGEQGGDFQVKYKIQQQGYMPCLQIHILGPWVYDDFHFCEGVGFQMQPEPRSPGYIESYYWYPPGWVCGMNTNGSGYNNYKGQGQDWKMCRSSQSPGQYGYNYLGQYGDGFEHSNQSYEVFEGLRYMAQLEKPVKGPGEQGMNDNCYGYYQDCYLRHQQGHEQGGYLCHVQMQYDLSARGMWMYYGKAGWSNNSGVYGKADGQYGQYITLPGQQAMDIQGYGREGFGFGGQYMDGYQPKYEGTYYYGWSWAHQEGQMANDMGVWNDGQGWYQMDTNMQYSQQGGTTCQGNEDYMYCIGNGPQYNGMYPNQFEVGFQTLQQYWFEQDSG,644,Human
P00129,Decorin,Structural,DIDGTCPQGYIDMYDYMFQQCLHRGGFGFMTAGRDEQQYSPDNWWSYDYRSRQFRSACGHVDLSTGVTTEYGGVQCLGDIQEKNIQYDGYGVYEQGQVRGMYGWYPPAGQYVLDWYITTYLNERQALDWCLGSYQQHQGIGHVYEYYTPYEIWADLFEMAQGCYVESYCWEYHGCGDMYYQDGGVQAIMDFFGQYWTPKNTTGPKIWWQHYYETGGYIGGEYGRYYQQHFMQSSRFEYVGGHSGQNYQHYCWPLFELYQKSNYETSGEYQYTGCGGMACVYGNHDMGRDYGVGEYMIYTEEDITWRQTYNGCTYRTWAYQMDVQNYIYLYETYWIACVCVIQYWYGMTQYGDGHYGWGEVNGQYFTLGYGGFLQYHQDEANDPQNEDNLEVQIAQYLQLAAGDFWHYYRYGDTVGYVHQLMMTTEWDVFRGGAKNGTGEYQQEYPVKQYQGFKMFIGDLTYQYFIPCGMQYQEEDGFGVCYAWMSEQVITVFEGGMMRCGKPNQKYTGPGGMVRGGYGRELWRG,524,Mouse
P00130,Biglycan,Structural,GGKQNFELWEWEYYMWYTYWDASGDGIQDVPAIQQSCCWVMECQHRQRHQYQDQHGTMEQYSQCQIQFYGYGKWQGYILKYYAQQWHDDDHTMPGVGSTYLAQDFFGDIGQQTKATLNITQFKDGGYQGYHGRPQQCKLRQCMTGQYNSQNMCQNQMGAWDSYQMMGYGKGVVDGSETHGHVYDGQQHETGGYGPYYGRRLGRDIDIQYVEDYGQTMDYSWGGLGLPSYYNVGDQYIGWQMVHFTRCKYKQLNYCSQRNYWEMPVQIHASKTGQCFGQCNVKSQMQDTKQKQWIQVYSCGGQFYTGWQWQGIYKWCGQCMPYGCSG,326,Fruit Fly
P00131,Fibulin,Structural,TYREDNKAQQKAAGQVGDSNGMVMQDRYQWPCQTYWKMCADGQQGGMEDAMVEVSGSLSQWWVPDQDQQMWYHISCYTYGVQWIGMNYGNYYTEQQKVGWGQGSQWAYCHQDYIGSHGKQGYECWLPQSYDEESYQGYPVDYNEFQYSQFRWQPSQQSGGQDYSVCSNGNQQHDQTQFTFYWGNQQGEMQYSHWGAYGNQGHQYGIKGDDQLAGMSQGYYNHECGSMANQNAIEPPGGYGTYDMQLWVQGCWMCDYIQQVQLWYYSQYFIQYGECQRNCPVMVIMFIPPSESPQRGYQDENGYQFSVLCVQYKPMGNIGSTQMGQVYSYQQYEYTFPTDYHTYTGAAGMFENEQGDSGFEWWDYQTKYACVCHMRQYGEGFSDGTFQIFQHYTDADTAQPYQAASNYNQYYWLAYPGEERKISKGPYGLDNLYQDQYEHAPTDHGINCLQGPYERQEYQWFTGYGNYGQAEYEPMYQQHYFYRYVGEIQLNQHGQVWNIGHELYQKQPWQYVNRYYPYREKCPHVATVEIQQWSYWEMIGFSFQCNYGKDYQNQRGEYSYKGQVRVLQECGECWEVMQYAGEAECGQQGSNFGIRYGGMEQFGFYYQRGWCTKKQIPQSDVCAAGGYASEPYRQPPTMGQILVKTGGEEYCLFACNWYDIYYMQWGQGGQAIYYEQFGQQQAQQLKRIWMRHQCYIYQNQDSTMTGQEMLQQVQQSGDNVTQ,722,Human
P00132,Fibrillin,Structural,GQESRYDWFDGRDGEQPQVHSSQIGYAQDQYYTGWEMCMQEGGGLDQLEETQQPQGNCQIKWQYEGQQGGTSGYQLGGGPGNGDNYQQYSYQCGRMQEYYYVVTDNYPGGATYGYNQYLHYWQYLQSCGGNFHEGEDHDQFDIPVIQNIVATGPGAPKRWNPGQFGVCWMLQYQTKHYKIVQVYGSASHGGTSYQQDALCYRDGMQQVYQGGYRGNPEGSQQHQYYFSQYQYGTYTVWAGEDGYEGQGGPSYGMVQMFWMQYWEEYQVYGEAAAAVLQYGPQYVAPGILTGNHLTQQKILLMFASFYGQRQRYYQSAADKNVGCEGNPGLGYDESGWELQQYNAHGERYNYNVGGHTGGQSEYRRESVLDTYMSQDCGGEYFQGSQPTTYAVQYNKRGEYQDTRGDGGQTYPRWGQAYGYYACF,424,Mouse
P00133,Elastin,Structural,QSDGGVSPYYMLNDKQYLTQTGNHKWCGYVEYYYGMNYYMDIGYIERLGAKEGPEWGMYDAFLYHQVIQGYQQMAPGTDGYPSPRVVGQQSGGYGQVYYNQMQYDHMGAKGDGLTGISNHCSEAVGTCTVFHCHVIQQGMQQEYQFQVEWQNQLYYCYNPQCVNEHGGACGGIQQYGPEVGYRWGYDYPGEQYYEWNQQFYPQPQCGDPNSQGGTQKGGYYMGDREYEPSQGFYWSHNIGYKIVLLGHFPQHHHAQIYFQYGSDPQYCCVGQTQVFNLEEVPMPAMCYPGVYGEFCYTMQYYACNDWKYQGNKWGPGDDQVRQQYGVVPGQSGYFQAPGHQKQVDQCWAYKKYYKGRGMVYNSYEFYEYKTTLFFQYRVFWQKGHDELTYHNHQRAQPRMLYQYAKVRFGWMYQWWYHQQVLEGYQIYYYNDEDNGGMTNGYKYLIMWYQTQEVAGYVTYMGMRHKCVGAEGGWGDCTTRGYGKQERGVIYGIGSGWQGCGGHQQF,506,Human
P00134,Resilin,Structural,WQHVPQYGQSYVDPIIDQFHGKQFLSELFYICQDHNRGYGYVMYPGRHGGGGRQYCGGEDYIPGDWNQGKDLGQYKYLPCLWDTYMQNRIEQYFCSMYQRSPQMTYNSDQYQGWNGNTQLHGYNRLREGFYGYQNYQTQEYAYYGYSKQTTSYGPYSMYCEIEMIQGFILSNQQACQIGQQQTACQNQGAYIDNNRHGGQGYCIAKYGQSDGQHQEYQEMGGWDKGINDHQQPSATYHVPVRGQFGYWSFIGCEQYSTIYWAAPEYQGPVFADQYYKRQYCSVGFHYYLMGTPQYDYMQQYYGYQESSQSGSDFKGQDYCTVEGDNAFVNFYQLGYGPQQQGFMQVSFEDQYRESPGDQWYNVYLKGYYGAQAVVQQTIIEMDGEYMFGGHYCFRVRVFYLWQDEYHMCGGMMSDVGQYQQGGLTKYYGYWYDLQRYKQAEMACKGREQGVPWFSGFCTDYQDHYYHYRQLCTGFQYEECGYYGIEVSQYLGAQHYGTQEHHGPQGLGNFDGHVTQPWQYGAPMYTMQYYGAYHKQPEYPSQFRYNCMPYGCQSNGVYSGNYYNYDHHNTDWQGCPGAYWYQYFIMNIATGEQCCYSEQHKGGRFQQQQYTNGCWQDGGYQRY,623,E. coli
P00135,Abductin,Structural,LLFIWAQPHYIQFFQGGYVGYQIQSVGLKGAAQYGGMWPHEAPGHQLGGGNWMGREICQYGSYLGWYDSNICQRREKQWGGQLIGGQCCSPSVHGSFQPRGIYDTGDDRASPVMMFFYWHRYDQDWQGKQGTQTYQYHYDQYWNCGLGSIQMTIGYGQRYDGGFVYHTSSDNGIYGDSWPWMGQVVYGSQDGGAHMRASNTAYCYYWCYHYDDGFDPIIEGIGIFQIMMCCARQEYQEQFYGFICGYQLSGNFLNPYVGESEQVQDITMMMMYYCRFWEYFSQGVNQICCKMGWDQVGQGMTGEYQQGIGYRYYDQVQPKAWYPQAPGGGMYCQGGYEGDVCTGDDYKPLMFFGFAQQYVGRWDPQYWTSYQIPIQQCVRYFQFSYCCYYLSGNYQLLCNYEEYKGGTIQYGGDKQYGSQGGIDSGEVRQYHRGYQCGIYYYMQQSEYKEEYDNHYGGTGTYETSGQFTNHQRYYWGYGWPYQQRAGHSMIIDGMYYDGFFNGGQECYFYSIWQEAFCLWGYQIYCCLQQYAGGWFGYYEHGGFGTQVEVQDQAYQQMGSAQGKMAQHHLQEVGMYGQCAFMGYQCYA,588,Yeast
P00136,Vimentin,Structural,QMYSMGYYCNVYWQDDGYCSVRMGMYYGLGYPQNVNIYIREYPYVYQLPEWWPHFRKYQRNLYQGVYYFGNKQVYYMPCGFYQELIFVGVSKGLGEGYVKGGISVYYRMVEQYGCQGTGTGQMYDQPGAPSCQPFPNLQEGYYQQPQKWDNHYWWQCTQQICQIDTGPDWLLMYQGEFACGAQYQCDTEQATQQWGWYHMGYRGMQPFSFTQHIWGYSHIGQSGSIECGYQCKNQYYLQGGQKVGGWALNQIGGGPGQMMGYGQGCTVNCMQIDGGGCQQYQPQGDCQLTGGLPYTVMYEYMYGTPQAEHYRRGQECYGSDPYYACTYYTIGKEGDDYYLEQQYHYPQVYQDDLRKLYAGTQAFQMYQGDYVGHHSQYTYCGFTTYIQYWVYGYKAGPSVGRQFYHQYYNPQNQGYPNRNAQVQPYGQSGEGDGALLNDYGNYALGGDAQYRQSKQHKVIFDNVHYYYKTGIYCSCICTQQGQYTDMYPYDAGGYGYCWQSQEWMYMVSFQGSFNGQKYFELAHVGQTNMTDSDGPGQFDDYTYHTGQ,548,Human
P00137,Desmin,Structural,HMGMSYRLGYEYNCPGQYQGMEGYGHEWFYQDYGQYEVQMYTHQGYPLWGNLGVDGDQQQLKGQQREDHPATIGYDVDDCGGYRMRQYMYPDYECTNYYYSYMARQWPETAQSDQQQLPYGCTYQQYYGGQGGSDYTFCQYWPGDIQDGYSDDQWGEYGPIIHQAHGQYGSSMKTSVIVQQPWYWQCKGLVYQYGQPNVLYWMCVMVYYGYQVQKMYNLFSYSYWCMYQNQGARYKECCPDGYENAGTELVIGYDQMMFNGGDYYDFYYYPTKWQPHLQPRVWGAEWKYQHYGCGYLQIKHDYWNALYGNFNNGICDQWFQNYYSMIGGYQATQGNSGQECWLWLCAFMQKQSMTYSQQCQGYDWGSHMNRKSRYCRGGRQSPYFYTYEVYYQCRYVVPQMYTIQREFNYQRPY,414,Human
P00138,Neurofilament,Structural,YGFHFCCQQERNLGYYYQSNQYGPQSSYRQQWVAYIQGAAHYQYQVQYYGRWNLIGPNQCLGGLGMGINRYGGAYWRRLMYCQGAASIQQSAKIQWYVRAHWQRVQIRPRNGKYQQAGTTGFKELYNGQGYWHEGWGMIHDQGDAPDVYPNYYSLQYYVQFAPCQSGQLVFGYCYWIDYMVHAGERGYVQNYYHGTYLIYWGGYYKYERHQVGVVQFGNGYFKASYFYPAFCRMQQREQGAGATHYAPGGHYGRIKQGKAYYCPYNDDGKYWYMTRYYYITTCGFRYGYGSYWPTIHLQGQGQNHPGGRCHLYSYQIQQEYAQNQSYQTQGGEQGIYMGCDGYGGNDWKMGQGTTKVMYRWPRGTACQNVEGADYVQDHQMYGKARADGRGWAGPQQCYFFHYQDFTPPRCNQEFWYYGCGQPYGSCDIFQHRPRYITISYWAHETG,447,Fruit Fly
P00139,Glial Fibrillary,Structural,VMCHPVYTALYPRQGGGNGYCGQTYKKSQQYTGYLMYYQLDYEYIPWNNYVNQKATEFQEYHQDYYYVCAPYSNWQGEYYGAYEGEQDDYCCHDVYGEKCQGKGQLVFRDNKAYAYSVRYQCAEYDFGWGQEYVATGKQVGPTIFPRCKGGLATEAYEYTSYISAEYLDGHQQAVYCGNGYRRFLGGGQGYYPGYLQVTFHSEYGYWNYGYICQGWDKSRYQYGYISRYQCNNEAQTQPPRGTGCGWRPINTYGNQQQDCSWYEEDVGCKSWGMEGPSSMTRPHFYGLYTFLEPIEQHCQIIQGFGGIQPYYAGGMEDTQSFYEQITKGTGANAQLNIQDQPLCENGFDSKDFQGCDWRQCYLWRYMDCYHYSGYYYHNGTWYQLYYYDLGEVQWQLQMTGVVFNSYIYQYGQQDVQGWQNQQNKDQQYAQYGNQLLYYWDHKDQQQESEDTGDQPYSFCWQWQWGQRLDMMDNYEYLIEGGYDY,485,E. coli
P00140,Lamin,Structural,FDHSGGVQWPQNYCYYKGQQKGSQMNGCIQYDCYDDNLENSFMGHVMFHDVQMIYGYITQYKEFKGKFCGPDQSLYPMLVGGSYGNWGSTCFYPKWDSYAVAYWEAQTFPCGLYNGYQIGLNYCEQGCEMCEGQSQGMCRSFDPQYKPDDYIYELWGSQYDYPGQKYPHEMPKDCYNRVMQHYCLEQAQRWYYYEHYGDYPFQQGTWSGTYGDQGYPQITYLYCDQYSPQEFDPMYSTGYYRYYYNWYLHWTRGGLGHIKLSYGKATQCDKMQLYGGGGTYQCHKPPFGDGGCIDQGGGRANEQYSFGYMQSGQIGYWYGGYLVDDQHTLLLEPGEGNDRQYDEFYQFGHGVAWMGIDGVPQGISQAGAQGLTHDPNQLSQMESACHTEQMGFLPRIYMKYFEPPGTGICLKSVRPGHGGMTPILRSAIMTYGNYTKAWGQYMVCYPYEGEEPGYGA,457,Yeast
P00141,Histone H1,Structural,GPFCVAKEQGGCTEGDAQNVGRYIEQFTCCDSYHWQFEWQQSMYVYQEGAQPLGEYYGWGIIYQGTGQNAISAKYHQKAKQLFGTYSYDPNSYEGCGIWSYKQGRDQRGNVGQNHNQQWYDLTAYAGQFGDQYGQAQGIQGCCMVCYKQTLQVTGHCQENYFHGQTADQGEQDYCFKTKMQYSQYCVYQQIAVEGPDMDAERVYDDHGHQQYQQWQIVQFDQPFDGYYICYGTTNGQATNQQEVLNQAGIHYYGYNQYIKQGGIYQGSHYGCCYGRTYMPEIYYGQAFFGRPAYYHQGARKYMCGQGHEYYYGGPTSYS,319,E. coli
P00142,Histone H2A,Structural,CSQSAVAQQKGYAQYYYCQGGQLMQMDSNTMMPFFGILGVQKQPVECDRTGPKNYLRRQGMRYKCQTAGDLGTIYGEYTIEMGTYEYYINYCKIDLGACVEQAFSYQIYTPMQYNQVCGQKYQWTVYEVTKYYPKLYGGFRYYGMCSRVNYYVQERQIDYQYGFVNSAIYEFQYNYEGNAPWKTPGYNQQLEGIVMWQGPGACNLSYIYLDGVGKQFYQNYQNGQWRLYTSYGCGQGGQYGQGRHWMYDYQCFEIDHYNIWGRESGQQGVGQDVYWQLTDGEPYEVEYYYGGEFGQQEYGQKRWQMQWARGSSEQQTGYYLHYWTIGGPGQGRHYYLFQAYHPGQMWYKGCNQEPGDYQQETCGYIQWDHEHPQQKWWLEKQKYADYQYDYQYVDGGSSENTGSYGERWGQYYHVYWYSTAKGTGDNNYWGQYKPQWWQQQERSYKDLQLYGVIQGYYNQQYNIQLFCMKPSQNPTGCTYMRFIWRYQSCCSYWDYTGDSVPPYRYSGTIKQTHQNITHGIDYNDGKCYQIYEQGQISGRNQMDSTW,547,Yeast
P00143,Histone H2B,Structural,YYGYFQPQYWLYNYGQWIYFEKDGGMDSQVEQGFYQGGQVCIDQVKYNCAQSQLWMYCGYQFAGDGEEQQLCHQFKQLYIESTYQTGDAMGNTQWMYSDMQLIAKYFWTQLRYGGMKVDMPNQYFQLTYGYQNYGRQQGMLQSYGYPQGRYGLFGASQEQSYTPQMAYYQMVTDWLGGFQIGQKCIGVDDPQYFSTYAQIMGAYIQGYNKTQVCQTCYQCQQGVWGTQCELMHPYYYHDIQECNYDVSGCRLVQGFYYRQYDDMQGGIGAMGQFIMQYYHRNFGHFYMHFGQCGYTPQMYQQAIQCKYQKYISAGQYQPLSVFLAIGDQQQPAYIYGYGYDGHPVTIYLLTYCMDEGYGPMQISGDKFMYMCYQGYQQGGWVSYSGPPYDSYG,393,C. elegans
P00144,Histone H3,Structural,NYSELPTSMKKIMAMNAQIVQFWGELRVNNYGGIHAYTVTCYWEYYQWNQLYGKTGMCQWYGQAQASMWQYKIRTIEYQHGVYYEIRAGTTQTYYNPYGILYQYGQSLTQYARVYCQWGNWHKQYYAEYFGYGWGGNDVTRATNWKGPYPWQYMGMGMGMDQNWDWGESYWQTGAYINPQQSQLGTCPGQYQWWCKQQYQNTNKYYHSTYEKIGYVTECCYPHMVHMARQGPNQVAMKYEQIQHWQHSAWQNQSWFQLYFGGSYYDNTGQCWNPQSVWHYTATGKWGPAWFDHGKQHCFYQTNMGQGIQMNHYGYYKYANAQQFKSQQWAEAECGEGVFQTTYPKISVWCYQDTGHSMYRQGQGNMHGYDSFTQGYYEECTYQYGGLMTYYMNYWQKQNQCGQGHQMSFECPYQKSRIYSYP,422,E. coli
P00145,Histone H4,Structural,SPMGIQPHTPKGGHYYWNIVYREYFCELYCYQKAWMGNFYCENQKCGFWQPGCVNWSDGTTGPQTDWCEHEGCPWYYYQYYGVQELMGWVCYNGGYEYLMRARAIGGGQTQCEWPKQGGTTQGPTVYCKYGQVGSGWQHPKYQVEYVMPAVTGYYNGEYRAYVQGGYWRGFGGAMYFPCYQCQTGIHGSWRCPQESQMGAVHGGMTGYYIKYAEHQEYQCKPEIVVYEGKKAYWNLYYGVYYFCVGWWIKIGWVGQGLSHFKCEQMYCTYQYYKCGMERGPYDMNYQPFWQYDWTGGTQICYGGQRVGDGKYQGYDRQGYHDGGCCLSANYQEPTDCLARIAGYANKPGSSPQYYQGDMGQWNAGEGAQFCIIIRGYEMAHYEDFCDDIAQRYCESCTCTFECVYGGDVYTYFEGRKQACQYDYCAPSKNKMPTKNDSFYAQQYHYGYPAPIPHHGAMYHGSYGGLYSIYHVYQGYPDQDIDYQSIQISQLKDISQNGVGMVFLQSGQAYGDGPIPGPQVGGQTTYQAGAYYYNIEYQCPFGRGVLQYSTQPYMYDHYMMTDLNMGQFFESGCDSQGGCEMYTVQCYYYDCQIYYEQPNGGYQQNLKYQCGGQDQTGCYQEYQSRGYGEYVCG,633,Mouse
P00146,Nucleoporin,Structural,SNQEVHHQYHTQGQHWQGSPMHRTYQNQYSLAQMQTAPNDYCQGYTNHCFQGLGDWCFMLKTINQCLEFSYCQLEQQTDMQHPSCCYTQSYCWNWQRFQIYGKNYRCQMNMMDQWMINTIGWLQCAGVQIGLQDIGSYYYQQDWVYGGWVDLQESQCRGYGMGEQQKQSLVCYQRGYDIGEYYLLQQGDLNDVPCHQQKHGVTAFVGIPDGFGEQQAEWTLGSQYQWCCYMQMYNRQYQEQYGGGGGTGMYKYYDTYIYGAQTVCQGQSVDHYDSPHVQQGMWEYQGPQPGEGEGYYVYQYQFYMRGGGCQPEYGGENCSGGRGHLYGFGRVCFYAAMWYYAYQCFYNYQPYENWDITMGAGYQQQYASFDRQQMDKDKQYITGYGQTKQGYVFQRHQLMVGQGGAQGYPKLRQPEMQFDFGFCFGNFYGRNGYGWQMTCQGYLGMQHDQRGEYHGYAWGTQFECHQGYFSAQGFHMRMFSNGHQELYAMQRQCCFQLFGFGLMYGT,507,Mouse
P00147,Cohesin,Structural,FQRQSDMGFGTDEGWHTNKQQVGYFEGHNYAWYLYCKDYYYDNHVWQSFFQPTHAMNNQLETLTSCGGIVSCGQAGEYLADEQGCQCPDWQQMLGSQEALGVQPTMAGESFMDGMQYYLCYGFTQKYAGELNMYGKSKITAIQVHGQHWSKQLCYFFFYGFGDHPQQQDEWQYNGWPYDEDVSDAHDQMCQLYPYHQWYGYIQNTGPYHVAFTEDQQYYLQQTNGRGAAASGEKSVGEQQSQWIRHEPQYMSGTEMISYTQMGSYQMRVGYQSWSQMCQTWTQYMGYQYACYQLTKCCQQGGNGFIQDMQQYMMQDQQQPYYNVGVQASQQGGQQEGDKYYYADTKDYVVQQITFYYEYKLGYYQGVLGMQAQTAQEVYIGEFYNYYFSQKDSSRFMEWEYVYCQQYNQQRDWMKDTWGSYGEPDTGMNTGYNKWYMGQQYASFLAYKQRYSGQCWFGTGGYGYGFR,467,Yeast
P00148,Condensin,Structural,DQYDEFQPACYYYCFSQCDATETYPMSVFMSYSWEGSCHVGYYCYQNAYGHQWRPFPHDWYRAILDGYIQCGWHHYESTQQASSWYESQGYDDLYQAGHSQPWGRDYIWQIKNYQPEGGSFTGQDPIQRYYYMCQEPLAQPYLPYYALKWQCRVPKMYYIEGQQVQLQCCGQQEGSDCGTYPDHPPAQQINHKNQQVGIDGGKQYPNGAIYMGQGGQVCDQMLARGYLGYNEGIQFQYGPQCYYPQDGQKCYEIFAMYMQSQNGQFMSWEKGMEAGSEGKIYSGSQGPYTVSYGETKYCNRGDIAWQGYKGIEYLTFMGNYYYGESPKMQTYGGYAYAQYWQSTEQQEQVCVYHYLNIHKNTGKMDEVLWWMIAYSTLQKEGTQINPGWEITTQPGYYGQM,401,Fruit Fly
P00149,Centromere Protein,Structural,HCYIMGYGMQRYWETQKGDIDEGTYEFYQYNEPERMQWQWYYYCVLYDRCMGLINDQVREYGGHNEQDEQDDGELECAGFGQWFGMYAYVQYRYLPCKGEYGYGQAPQGFQGFYYVGQYGIYIIDYEQGVQVYFQCHHFHIYQYSWWRYGEQKDVQGDTATIETCDEDRRGRHQVYRGNCVGGMYPIEKGEQYSGGQLYFKTQNEYLDKDIVLGTNTYWWQGQLYISFQYNSYAVYWGIAQQERENGGYKGPMGLDYTLGWQVYQQGGREEYGYYEQWWQDKYYAFGYLGHHQRICNQWTYWYPLQTYGCQGDCYYMPAGQGVYGYGGYGPGGVFYNCQAQGIPNNPYGYYGGQYYGIQMGLYQQYTLLCYGWIWTILHGIYRYYNQFRATSQCY,395,Yeast
P00150,Kinetochore Protein,Structural,QRCQGQCYMYQIPPGFGSQSHTWRYQPGVGCMEGVMYGGLGCYVYGEIYEGYSAQQFGIYVQDPYYYFQQYFSDPAMYSTLYGGYGEHIVTGQFGKEFVWGMEQYKNEHYDDQGERGGCGPQQTFMNFNYGIGFNQIVTQPLDFLPDEGIKDADYQEYYQGICYHVYQTDEWPYQQQNQGGSGYEDYGIQYVQYYSFLDCWFEDTPQSPIPNYQAGQSARGPKGEKEDYCRMQAAPQYNQQQDQNTYYVVYFQIEDTPIDSNVSKALHELS,271,Human
P00151,Hemoglobin,Transport,QCYQNDTLENAWGYVHLRYWQDDQGQSFSEMAFVDLDMQSMESRQNGLELGPLQMWKQEIDNQKTRKEVIWCIWQLQGELLQYQQWHYFQMPALSHFYYFVIDCNMCQCKAPCRNPEMHQTLGQQDNHWNHKHDWAVDLPWHSACDDLEADKSMEAYEEEFQGNEEGVSEDSSQNDQFHGQWYNVEQGADAPWNSMLQYQTTQQWCGGECTYMCHGSHPGDYWSAKPEPTVKKTFLRYDGQCESYHDMHEAAENQRILQCVVISSQEHSYYRPSRIFQEPQWPTKQEWQSPGIPKPKQDYQSTKQQIHEWDYLNGCGMIWQMYWAWCFQGVDTQANMDVRQTNCNQNQAMMRIQSYNVWTVEEEGRSSATKECAREQIDKAEWDEDFYGGCCVPAHCHKYGEGAPNKDCQYITQCQWQDMYYDGFSAYQMCVNQEVWPI,439,Human
P00152,Myoglobin,Transport,KPSETYDPVYQSYLQDGGQYFMPVDLTNVEDEDLQARQWIRECGFGLKNCSCYETMGYQESASDEGFCVEVHDDWFLRWVQNSVHSCQQAKQNLEVTNSNIQVVDYDRGVTVDTYDSSWSKIQQPDPHRYWYGKCHEQIAETRMDKREYYVDTSYHNEKGFEMMIIEKMVLQTIYYWVDGLGARWQTKVSDQQGYQAIVTQHHGQDGVSCCAGSCPQKLAQQHHGEQTQCKWHDCSNQTFWDHLNGQPPWGPWPGDREEEMKDHFWQEDHIPSTGPFMTIMAVMQQLQGVQWFWWHVYDTRHMFNFLRRLIWLTNFPSVVQFYRSMMWWNMGQEGARAQKVEATGLHNCEGWFCRNGDCFACQRTEAMCQYDCKPRNPFREIYGEDAYLAKQQCAQQNQYMLTQAPDENYASTLLNLDETQNQHDVFLNDD,431,Mouse
P00153,Transferrin,Transport,VGKFETQLTLVGRCNYPCEWKSNEQGVVCEQGPIWDNADCVMQQMVHKCHDQDFDLSCEIGRWLMDMWLRQVQGFNQDQRNEKYPGYYPLQQPSILLWRVQSNYRITQDEQSNSMYHCRVTENTTDEDWKDHEYFFRMQANQVSPYPWQVEWWYLCDQDWDPGHEISYGLDASQQIMACLSFIYNWRQNRYTHTQNGNRQYHMARFEQNIASKILMGHQQEQHMKASTPINGMAYWQQDFLYQDDIDQTKFDFRAKIIMPALTVQLECKAWESCHQYDLYNRGQDKSDIHIMRVLQQKSFRQSMVGWMAYEGYQSCGTINDLDYAVATTTGIDKDCNVMTQLYQKIDMDQVASELIVKNQEDVMTFGEVYVPWTDVDVQYDHVWQSKMKDMDSWMFWKQGCGQPGQETHCQPGFIQYQQYYHQYQVTYHYQGVLARPINGLIRPAPHLQ,449,Mouse
P00154,Ferritin,Transport,WQEGIKGHKFNAQDIQKWRMNHSSYWHGIFYHGAYAYYHHCIQHQYQDFQNQSPIDIYCCDNDDEYGKQLQIWYCCLLVAHDDCQTAQRQNDLYMAFHFQYYGYYQQAMRMIDHRQRNMCVILGDRYMRIGCLIYPQTPCQHKSNFNSHMEEMSQLGCHDSFGEKTSGMYIKSKWRYNWLHWLSAMTLFCAVERMKQQNWCMSYQHPLQCIHDWTNQPNVYKQRWQRQRMDYLDWFNCRKPVVQRYRWHTCTRHWGKNELYIFGNYTHLEMYQNVQGTQQSVSQCYPYQYTRYADNCDWYEHCAHEVCYRRPRDCFPQEWSKWLHDRDHYYDKQVIGYGYQQWQRLDWAPIEQQTYQPWSYYQWYHPGQMAGKQGIKRMFHQKMHNGPYNHIYGYHVKQHQVGDGESDQSQWWQGFDKAFVCCLQG,426,Mouse
P00155,Ceruloplasmin,Transport,WHQYFWQVKLGPRWLCAMAMQSYSWEVKARGQNCFDQSDEDDFEMEFYGDMGYDQIECLREMEFHDFHQKSVFGWVMFPIMFWWKEKKNKGHVRTQHHWTGQLDQYQCHDRFYGSVRSDMLGRIDDFQTQLRTQNPGIGFRECGKTCWKQCQPGQGIYFQQNKVSRQAPAAWAHWQMQLFGNYPSQHSNHQDDESWDGHSKHQLVQTKDERTREYLACKQALYSTNISEDECSYIEYVVQLGVVYLYPYPLTNWQEYYDLSAPDEGGHQQYWMKFAIEQSQYFRQGCLYHPNKVDELCQEEQMHDAVCQQAQYHKDFQPWSDMIPALCWNNELTGQKQKNPSQRAQQCKRMNNDIEIMCQRDHQMRDKGKGFPQYCHNYVHRSEFYSEVPCEESQNQWLTWTYQTAIFHHPCHEFLEQYWEPKWAKTSKTRFEKNMPMMQYKWGDPQKAITPVAYESTDTAEPTGPDIQDQRVQRKNWCQGFSGMPPRVQKKYLHKWQEYQSGHQLMMATWALNPNLNMAFYDQNFQCIYWEFWQFGEQHDENGQMGDGQKLDRNDHDYYMQKSMQRLNCQCTDNPEYMGCWVISFIEDDVAQTEQQISTIRWDMYLQWIDDEQQNFQQRALQDPDVGCQEQFKIYP,637,Fruit Fly
P00156,Albumin,Transport,YLPVDQVFQCGHVPVEYDEVQIGLPCMSCHEVFESNQTVDGSEQSMAQNYFAAKRKWSEETVGTYNILQHDPWIQVNQKGIWANQTGYYDLWDKKDYKVMCEWLQTWIGGHKQVCWCCQTYDLQHKWDPMPCDEFDCPVDDVPIDQHITQQQESGYAEYYESENQFRTTMKKYHDPAIYHCDMVAPVQHRHCQQELYAKNFYQYMTQFKQLYLKWCFKQGEEYCRGDIEFGEGWQKGHSIFHFKRSICYSCHRLPSQMSVTENYQQWTQYHIRWGKRLKCKYERYSNKNSFHMAWDLQETRAYVAESKGESYTQKVRRYSMQERLSVEYFSRNTDCGHLQPDSENVCHRQHPFEGHCYITSPEFQCRVQFMDLADLGDAQQRKKQWPDGWSQVSTICWLDDYQGALVNVHDIHWNVQQIGNRCDQLQHKDLQQLTRTQSDSSHQKLAQDCHGVDDGQMTWNTGAVKEEFTAQQAHGSEVFQHYSVSYAMVIIYAGSTCEEKDWQSLHSCPTDQCQYQPKVSRRSYDYQDQFWSDFGECTFVIYNLWTEEAQKTTMQESGQGEWLYNAYQGDFFRQVESRQFREWGPSSWSDEQGQKQLFLEHIGRPAAPYDWAKYLNYEYAEMHVEMRDYEQDWRDQQCFVVTLTEMKFYQCDRQPESQQWKQGDKKSQLPCP,673,Human
P00157,Globulin,Transport,CPPCGHLSQQQQFEAGAQDFDQWYQAFGQGTQNICQKQHCMAPAEVCDKMSQSRQIDPCEDSDETGASDYSHWNQGMFNSILQTPMMQGYQEDTQVFSGRMLCKYDGSGSISNTRKAPHWEFYNPKHWYTFDAQCETWEPEILSYKVDHHSRCLGKRPKADQWGPEFDLQWGQVHQGTNNGRREQGQCIWYGHLMEMKRAQFYHVGEYKEYWWLYRALCGYGDADQDCQFYTRASGIWIHCPDGMHRQKLYPRWGSGQSYDMFGSSYYVCGYEIKRVDWHNWQWFWRMAQICVQTPEEGEMRQEKDVTNQWYVFNEHHDVHKKHVGQDCSICQHRQYHIIGQSVKNAGLEQYEIQLERQNMPDKNYQDEYYHEE,374,Mouse
P00158,Apolipoprotein,Transport,IPWAEQHGVYQGEQYCMYRGCLWKIEQKGMTEYMRQKGQQDKWAAWIMILPQYYYDIDDHYFHCGFMKQIEWMSKGKNWPDAWDQLHMPGCVGQDQAQIVHFSHDKYQQDEANRQNHYASRFGRSDVEFNAYDYRDNKIYEGDFLDPILIVGTVHVENAAEMQGEICMLQLPYATQWEIHNETMRIGDRNYKLGKMLQWKLKIIEYEVPNDEHESRLSCHSVIMDRKTCEQNCPRKQHLKQDPNAGHGLYPQFVQFFQENMETCQTRGEDDDKYHTDPEQPHLEHRVGLDKRFDDTQNQEEQNRDQQSPVNVLQQTEYTFFADTECNVSGYVVDQKHKAQIAVQLGIWDYEWYLSQAHHQRCETCPNQDIEGVDICECLCGFAGIQFLKHWCNEGDAVTGWY,402,E. coli
P00159,Retinol-Binding,Transport,LKQHQDVHCQEMSGFVHEMNEFHITENPCIWAAQDQPKLITRASMTCSKHNCQTDAYTDGGCARMDDDQKWDSSYDCCTCIKDQSQFKQRSCYQCEQMTQCRHPYQTKSSHNNLGCMDIKEFLIQDMQHTFAEYILLTPFSMMRHGVPNDWAVQQRPEKDYLYGKEQRHNCKQLCGPQKG,180,Fruit Fly
P00160,Thyroxine-Binding,Transport,GDICFYDITLECWTLMIQTRTKWMVASMNIKGFWWFPPYDQSGYGPRKRTDQYGCDCSGGEYNQYCATQPNQGSEWESDRPYHEPRWYQIEFGIIPEMRHNCIYMYQRLMNPCTAAQKYWLNGHHVQQINISEQFTNTSPSQEIRQPDAGTDLKMLGGYPDGVTSNGTLMKFFEDWQEDDSQGVYNNCKRWRQEHQTCQWFKRYVTWNEYGRKRKGMSRDDPPYSAAQMRDRCTYHPWLTHSGTNNLDWDQIALEQGTAYQPLEQYWHKKKWHERSPHAMEHRQSNNCTDMCTMEVHWVFCGTYGWIINRFQRKHYHQDCAWWALETNACHGQVWLVDLLRLQYDCANTLIHWR,354,Yeast
P00161,Transcortin,Transport,EFHKYRMWKYGCYCSNHKNEQRSPMHGQCSRSVDFRSRGIDIQPDMQKRENHQRKAGGVCQHPEYPGYHWASQRYQDYQWIFRCFGQFVQTDKWKNQTQPMQYHYVLWHGCMHAHMYYKFAATPGGPDESVIDIHGRQKLYIQTQLMMWDPHKDYIVLFTQTCGGQYTLKVFYQCHQSYGVIKRDEDYELGCYYVDCQCPMTKAQNGMCQRYKQKSAISSEQQLIIQQVSRIHGGEAQQICSPNAYPKQQRWFDQWEFLRAKTWQVESQIEPNTCCFYGVEVGHWHCKNDVCRHILASNHNCGKHNEPQVWWSDFPDADAIKYDQEQYEQVCFRRICKKMQLQFVQEPLQGPKFHSQKFCQDTVHYGHSDVGIHRWVDVVKQFHSRQVQGKDYYCGPYWKENDQMWHKCEYTDHSQTRTWLPYQKQFGCSHYQDLRHKQQNNEYNNYNTVKSKQEPMDQRQSMCCDINFDDQNDPHQRPMSVHHYCEWMIPTNRFIDHIY,500,Human
P00162,Haptoglobin,Transport,KLAHHGTKHHMTCQSNSGKTGQVNQHCASHMAVPPYVHIHTTYFKGDQPGHINDVRLYHPPYWIHPMEPLDQGKQQDHGRQGRQQEIYLQFEWDNYDDVVGFYIFQYMNYMMKVTTGQQSDWQLLHTCANYDMWQEKYIRDQPPSRCGQVEIYPQSNHTPRDQTEGGISMKYGGTLWKVPCVSQLGQTQWQYYVYQYVWTEWQSNKEIWNHESSQKKKTPVHTVFVYSHQIQTGQEKQGYIQEWDPHYSENHNSGARVKQPTYSSMMEYKYHGQVTFCCKTCVPLQCWYDSEQVTQVACSIIQYEYNLCLPWPTGWRGWYYPGGVYKGRTRHEGRQEGWIQQQMQMYANQMSGVQWWESTPDMYSKQEDGVEAWVGEFCNSKQKGQGLPFAQNKDTWSTQHQRINDQLPFHY,412,C. elegans
P00163,Hemopexin,Transport,RCPGILAPSSNQNAGQPYVEHWYFDMSQHMSRNGYFEQMMWLQSNVWNDRAYQQNMFKDQSSIQDQFYQDWWKNLMVEVRCDWFCWSNQHISGGQYFPRDIIQQPAYNEQDCYCNSKARAGWGDNNQVEIYDQGHVIVINYLFKGMSTWERGGYHFWRGCQIFEGSVVISVNSTRKNNNIQPVEQQYEQEQRWACSEYQQQEVHCFNHWQKLETCGVTDKVEQEGQQCDQYFRQPRGYNPKQNQGCENTIAGVWKHHQILFQSTQKNDASQPRCTVIAYQAAHQREEVFYNQTTHMPYMWCKMNQYGYGDYANEQKIQEDEHVAQVETGHRALDADRYPRRWESWNVGCAVDEIWYTIMCENVNPDTQKRCVRSDATHHREAYLLMHMLQRRRQYLEHFLDHRTQDQVKRINWQKWRKQQGTKEMGYEFVMIQGPKFWLCLSDITYVDQRVRELQRTVQMIKSRGQIRHGYDHPARLFYQLGQTCYWGFHNSGLKYYYQENTPPACWMITYQKFSRAQGQSGNEQLVMERSDGQMSQNQQDKNYITQSHTSRENKVREKYLTMETCVQDQRKQDSQWHEAQP,582,E. coli
P00164,Lipocalin,Transport,SFGMPMNSAAFRLHVGIDYQDTIPGNENGDLEPEQQILDELEPHYKIQQSWMMDEKYQNQDRAREQHEEFEHVHATMPPNNFCYGCSKVQDLIHSTDWDQWIQVPGVAIGDKTWQDVQQRQPDAEYCEARLAKHQQERVRKHGRQQDTLYMWYRMQECTKEEFDRGKFPDEICAQPGRQYKTGAWQIPIFKESVTAKYAPNIIIPQYHYLVPHYPPGNDRLEQWYPSLPLPCWYIDLWPGMQFKQTKNQDILCRPKHTRGWDWIQDRNMSRHPQRQRHESCHDRACCCCSHTTGECQMNVYEEIETGIFQTNSGTSPTQQQTEHRGGLQGEGQDKKIYYQMLEGECDLRIVENAQACMPVCAQCYGGSVNDCREGQYMQEDWNRVAQCVTPQMQPRFFIQVRHDRARQYSCFRILTLLVQYKAS,424,E. coli
P00165,Immunoglobulin,Transport,RTMYSCNSEDGQQNNFDHAGKFIGNQSLHIGRQDLSQGQKWMKEQSIEPCVHIQTDYAKGCCCTHFQKDSQSKVFGKQESDQQVYQDIGGTKNRYQTTVEEVWKVMTYQEYFRGPQTVYSRTRATKNDQAYVGQKSEYFNCGAKCYSQMMNVEGEQNQPGITCYDTGGLYQYAFDMKEHDRSVGYVGVNNRIYQQPGKDQRSCDQGKISTWDGAYDSDERNWPQAKQGVYDCDYLYFQMDFQMYVEEVRNRQWYGIKERCWDVCGFCCCRACCTIWKMLGIQKAMHTMAVQISQKCDGVPQGTYRSYHGNEQDCSDVQCRTHDYYSRDEGGDEYGNEQPFPAGFEGGQSCFFPQISGHRGWDWNLFLQKSEYWEQKHYHQVGRTGQIQAPLQEIKWD,397,Mouse
P00166,Insulin-like Growth Factor,Transport,TMYRDHCEPNEDYKQKTIEDQFFFQFYYGKKGSFQRHFEDAHEAPNGDPTPSRNLLFGMIQMMCIKTAQQKGQTQDHDCQHCDLEMLEFEDIMADYSFPAQVLDHQTDDTFGFSEKKKYNKEHGHCGTTKQELGECANGFCVYCDNCNKQFRPRRNTGPGSSWGREPSYQDEDHHQEHVQCQEPQGLYRLCAMYDVLAGRWDQDCGEPQYRCPGSKAIQSGYQQNQQHYGCSDTKGGVKWDWYSPDMSHCFQIEVQHQMQLYVQYLMKNKNENILSCKGPCLQRRNVLHQPHTRRMELHLWIYVQAIRDQQIPTYTHKWKWSQSWGGGNVPHSANKMQDLFPLFEDVKQHQQCQQNQRAAFPECEDQFIKPVKDYYQQFGQQLDTSAEWNIKIKQQAMIGMPAYQEYKSDWPDNNDHGTAAFPFIVCKDWEM,432,C. elegans
P00167,Growth Hormone,Transport,QYTSAIVTACRQFHLNQSQYQGIPEQMGDQAQNKRGGPNSQQEFRPRGLSQVFQGRQMQCWCSSDGATCAGPAMPWNHFYNKFSLPTSLDMVCKQCTWDMEGDHRTMDTKSFYTYQYWGNILVFMQYDIFNEQYGLFAWEYVGARNMDICECGGITTSTLYALDHQESQQGSFDSQDSMSGWHPPQRLTTYGPQKYMKGPFQQDCAHNLQCVEEKGAWCVGCSCCVQNNRDPYLPKQMKDKLKWIEEGVQIQQSTDSTYMCSDQFQDECHQKLQCAKASYNNGQQNQPATVPKPEQMDRGTIFDTQGWGLSNPWTHAQTRQGQYFTSYTRKFRLMPMIKQDMCKGMTQQQDMNRH,355,E. coli
P00168,Prolactin,Transport,GRVSEEQWKVLPEGWYFQECAYKQYYSQYSYDEFFDIWMYTKGSMQQTKDAEWNPWQPYVHLMDRMRPWDTWCQRLYWSDSYECPPYPMAMFGEDYVQVFFQFDCKEGGQQNCAMWRQCLTCKCNAIPWIQLHVRKTNHALHHQYSMDQDGVAWEQTWEGLPNPQDDFFCMPLCRDAGVSRIDGMSPWWRWVWWMEQTHGQLQGAEHRYRSGVKEYQKNKKEMSNMKGQNEDIPDAHCGRGEQGAQNRQWYQGYPNEAGIHAPKKMVKYLESQVALDQYDFIQHSKFYKCCYLMVWTHQDHYYEMWCQNEGKIVGEQWFLHHQQRYGESCFQYWLKCIEWCQECQYPLQQYACEWENISQGYYWYAGKFSSEKYNDDITGECLFFPCALYIRIQLIQQSWQKWTFSDPCTWQVHCACEEHSECQTLTTWPTYFNDVYDKVVIDQETQG,448,Mouse
P00169,Cytokine,Transport,LVQNQDDQTLNACFCWLYRRCDDQWEQMTCYWKGPMQYETGQDTHAADLPSWACTVNSPGLRKILGTCDMENHERVEDTCFHYKEGWQSKIKLYQATGLMEERQQGFLGHNCGLQHENKDSTHVYGWYECSTSSQPDHQMWCARAQRQVDGPYQTWRIKQDYCPPIQRTHQWCHQSRGNQSQLKEILPFKYIAFWQAQLFIWPEQNTAFLAGWSKSRWSESQKKCYSQPGREWIYVEQFTAFHLNQSYQITPRTRPRIHFCHGYCYNQEGHQWQWTDYAQIMYYDYIWQHYGHHTADGKMLAHKNKAGTHCAMQWAPGFTMQQSEFSRVWQLVDVQVWTQQQCHPYGTLTMQNQVVECNMFPQDQSY,367,Fruit Fly
P00170,Chemokine,Transport,MNVETQGEQSCKSTTGCKWPSNVYYKASEIRGQRQSEEQYEKARMNEKTIQIMTDSQYECQGMHLIQCFEQFVGKYECLTEFDLCVCRKQCMEENQHHHIDMQWGRIYECQNVDDFYEQWRWTVTWAWTMHCMMEHIQKMYYHYWQFKSMQLGQDWKDRMPVYHCPQHVCMHRFFWVRACRYMVMSKRMANLYIDIGRQCHPGSEQTSCEYYLDWVWVYELCMRHKGQHGHANEEEDQEYKHQGEDSRWTLEYAPYKHKPVQDWLKAWPIRYSPPQCCGQCQSNKQQDQYTKPRMDQCETEYINQYQGMAWFAYCAETVWREARMPFLNKPLQMEECLIKCSYSQHITGMDLQRPYFCDQQYLFMRMAQPCKLCHKGSGEHPHREENHDTFYQTQCIKYKWPEYPTQCMGC,411,Fruit Fly
P00171,Metallothionein,Transport,NDEQDTDWVGMWLQLTGDFMWVIGMCSDDQPLVCYVEIEEGSCECAGSKGVRHGSCSWSTMGSVMLQQGSGYFRQPKHSSQNMERQIMNNANKWDQFECKEMDFQSPPGHQKTGLMWPVMNRVHPQIYRDAPQQQQSAKHEQWECELNWKPQKNQCRPEFDGFYTKNQGQTCVNTPKDRNDWSWHSAPFGQHQFQTGPAWRPEMVLDQYLWHRTYLKWSCQTQFEEYDEKQVMHVHMPEILCAGRYDQQVWRQVWNSQMQSMDTCHLQLTTAIPAVTMYTHACRPTYYQYDWRDRYPAKDEMHVEDHTEFGFTSDLWKSMR,321,Mouse
P00172,Calmodulin,Transport,VESVCIRKTTGRHVDQSQLPNNNQEEDCNDVGRYECIQQNYYIIPSKIMQPYHYYCQQGEKSGYSPAHPVWFDVYADYEGTQIQTVEEFGMFYMIQKNNHYRDPCHHIQVMIDLQQFCWCQYAQQKSKWENWNVDRSLYEEHVASQQGFEPQIDTQAAMHLASWKLQDTQGSPPIDHGQDSHHDEFSWDANYTVRQFYASCDQPDQGIDAQFFKGQAAYIETDTRRHRKDEDGIDQNDAINGLALWHVQTKQQCKEPMNRLSHQKSPACQEEYMNLGRLLFQCNLQQVVCADTHRVKQLPNSQKFKGLNVSRLPEEQTWTNDKDRHTQGKQLKDEIPTYQTKMAAEFDSGGGHEKWNQEFWMNQQSLGQ,369,E. coli
P00173,Troponin C,Transport,QCNNIIDQHMTTISTLSAHKRIFWALADDAFPTAIKYNIKSGNEWDVCQDQTKSNKPMMTQDARLNHRIERQKDYWDIYTRLHPEPMVLCVMGSDPYRESYTKRQVLCYMIFLLYVCMDEDEQTGICFISGAKYSWRFHVFRQMESGTQPQGYGYGGNQSDDYDWDLNYGYKINNQTYNEQKFQQDKEFQYGQEHCERIPKYQYWSQTFLWKQCNNEAWHPRAVIWSTCRSSQVVGQYCATKTNQHDDVRQEQNMKVINTKEAWGGGVPTYIGWWPIGCWPNWPWFQCEDYPCNRCPKVYIRDPGQQLEPNQTQEGTQCKLYDRDQQKQQTSDQAPMYCQTYSHLKMYDILVMDQKVRGQMNSNTNTINGAEISQKDKNHSYHEGGNCYILFIRGWDQRDEPWQILQGRHDGIMIILEGEPHTGQESSYIMNEACASTEKYISCMATEAMKKFQVVPVPHYTFYVNWTQHCQMEFSMQECQDQDFKQPEICVCEVSHQWLFMKQTLDVIHPS,512,Mouse
P00174,Parvalbumin,Transport,MYNQLANYCDALATGQHGQSFSDYEPAEQEALGFPRWVMQWQQGQNEICRGRPMGFSQMNYYKKCIEQLQQIQKQTKGWSRPGQKVQGWKVAFCYAEQKYGEHWCQSQGYLTQKGCTSAQSNDSQYGQRDCLWRWGEVAEGGKIGDGIDQLEFFQGPQECTNGVHPIDWWFPEREQPGLSMLHPTKGQWTTFWCEFYMHQQQAYVQEQKQCSNSNGHDVQLVEGSRCLY,229,C. elegans
P00175,Calbindin,Transport,TMHQETFQWVNSQMDPWDGCDQQQVEHNLHNIRECGWSQIFCAMQSLYCDCQLHGMYEQQTRQFHFDDDQCRTQQQQYQWFGDGDPGEHSKTGYPAMEGNIGMLAGNFQNELDPRTEDQNDQQIECCKQLNLYFWQRGSQGQRYGRQWGAVEQPQDQMCSDMYCYHCAFTCKYNAGDIFFPGRYGVTQIISTPTFMAFLKQGGEQQEDWALDPGCWNEVADGHNEEMVQQTKWKFIFKSCDYYCEYGNQGAEGDRAVREFVPHNAIDLWAYNQAQHAYEGNQHWFTQLCHGDVGQDDVQADQTMNEQSREVQPGQMGHYPYKSRDIQMGLGGWENNMAQTACQTPHYYKPDYGCTLDDIAQIKSELERGCDTQHEFQFITTQQVSGGSD,389,Fruit Fly
P00176,Annexin,Transport,EIKYKHTNEKLSCCWIMIQEQYGYKLNFRIVEFNGPMIDWGCFPRYSANYNHSRYRQHQDRGWWWVQPASREHDSQVCGIDTVNEWQEETSYLQCIMMERAQYFNPHDNEQHHCPQEDMDRHHGPMGIGIDGRHLWGGVYNKLTTKHKMIAYGYLYLHELKPSCEQWGQGHYKMADDQGKLRSFEIHKPTVVFWYQIGHWECTRLQVHYSHQGDTCQEIYLMSFNQFNSNYLITVVGCACSVQPSSHQPQHKRFRPFYQQQDKPPNHNMDEQNPQDPRIMVLTVASDFYHNNNQLFIRMGQKNCVTVSNENKPMSNRWMEQTKHKGDDWFKKEPKCGWTLQGHDFSGGQTIGQQDFMDFQSPMIDDVHFLSDGCPQQSGRAHRGVRQMLQKYMVYLVEFGCQWRGEWESGQVPFHWIQNTCDQLQWDDIDGQDEAMANQHQDEEGYDVHPDIQRLCYASWDVQTFQSPEGYQQQMDWQQRNFMMYHINYAMHWNQKEHMYVQWQDPWWPKSRFIEYSPLTKSGQVWCEGWLYFYRCPRGSNEQDWGMIMGLQHDEAGQTYDKQTPTQCRVCIDKNSYP,578,Yeast
P00177,Kinesin,Transport,GYVEEPQKVWKPFQDKIASEVVGYETPMGTDTEITNMHNCRLCTEWAYMVEVNYQWVKWANPYSSETEINEQFDTLQYVRQFLHNESEYRTQPTCSIQPGRAKYQMDQCQQKYVYRNGYEIKYRQGSSAHIHENFGKVHKVHFYQLGGCVHQMIPWDDQRGYGNTGQDDHTWLEESMQQQRICRHAFMEIDGCIWPVIRMAYQQALDQGENQGGPHRYGPYQWRNCDFYLKMHCQYNQADTIKPWYWNDGHPQECWIPEILLNVGLYQEALPRIWWCFPFDVECDTYWDLGPQQKQKYVVYIGRVIEYMVQKINYHSWDVHHKFERTAQSDCQDSPMLNDEVQQTLCTKQQSGGNCYNRYGAQQAKIMKKQDDVRHFMTGIMEQNSAMAMTQDR,394,Human
P00178,Dynein,Transport,SHNPHTQKELEQRDQSGNQKLQTIQGIKQVWPSWTYDHYFRVNNIGLRTSFEAGLINRMWPDYVFFGTQSGQCRHPCGQYQRWRCLDRDMYPKAKATYGDSRVKNWHVDLKSKWLMDLNTMCTPHVARKPETCNQDLADQMANSDHEWKGVDEDMTVVQCGDCQGSWINNDFGSQWQSYAFRQRHSVTMLSFDICTQRLCTIITFWLNPIRDMQDDVQEIPHPTSETYADRYASGYNGENQPQFQPKEPFLIGQGQEYYMMQEGSSKNCSLCTRAGDIIHCLYTRNMNQQDGARECRAMEKWQQMYFKEQKQDTKGDCCLMQMMRYGYQICGCGLQQMQAASAFWCCQYDKWRWNNDGSWWGCWPCPCTMFWKFYKKTVQQQDFEMVNQFHVSAGNYNPRKKMFPQEEAHDTADKHPARHHEGPLIIQAGFNPLITTIQHGWAGRQMIYDGAVTQGLMLGYVCNNQPTEFQLSTLHYYQHEVNQ,484,Mouse
P00179,Clathrin,Transport,TLACTGKQKGGDRNKLKQYYMDQGGFPWQDNQIKHQNFHCIQCEVFGRQTWGAFQAGDTIEKFYEYTPQKHHNWKDYMIDDIFCPDHYQKQQAWQSDGSTIGKIKNMLKHEMYTWNQSGWYNQGKRLHKNNQITTQQRHYLHWQCCQGQLDSFSQSPGGCVRFTFFVELGQICLNLNIMESVFTHASQRCQKQPQLIRWCENIWLQDQGQYHCTDKRNEWEDNMNIICKLIRRVIWYHQRQQKHPIVTQCGYQKTICQTVRRSVIRAEQHDNKRYDEKTQQPLHYQKMYDMGSYWYEWKEMTADKKWMKFTEYL,314,Human
P00180,Coatomer,Transport,ESHFSGIGQGQLKIMKMSHQEGGRVQTLTFHGQQMAIHVQLTGQQSKCTDHSWFCKRYGFEHGGCWRLSAQLDQQHSMYTFAPELVFGEQNLTYMDFLGTELDYGQYRGLADRRPSIPAQWMEHEHWQWIQEEVTRAGVHHGWAYLEAYYENWFSFMVMDLQVNFKMVLHCTQFVNAVSKVGNQNEGCGQNEADAHQTNRDCPTQTEMNFQNCKEPYCKFHRFYDTAYAVDWSSTWEWEYQEVIATPRLYRNYYYEHTSHLYQPVVEINLNKKCQCYQVPCLHEFDPIEFSKVFHQKGPVKEQQHHNYAEEYQCTNDVIGWMQIFQQCRYIARNPNQFFAKPNGVQSNEPDYQYSDTPICQLYYQCNEMTWYLD,374,Fruit Fly
P00181,Importin,Transport,YNPKQEEHSRWQRYYVHESWAAHARMTNCDFVKQRYQYQDGNNQAQQLYSEIQRIVKQTTQQDDVAQNTQNGIHEGSIREMFWVETKWQYCPDSKHINLQYQITDFDHQAKQDNVQPQWGHYNYPTGAENSHFAPSVKDNKRWGFNPRNMFMHEWIKQHDHMQPDQAIKEQDQNDDWRQEIINEKMEYAVDHGHSQDSGQLGAVAQHDYLRKTDQHGYHPQHYIYDDMEAFCIADYMYCQLPYTTNYPHCTSQISNETHTDTIGDHSVGWCGKQEQLFQVKCNTWVNENQTQILFQTKMMNHEDYLFETQQVEASYQVAWCERESWFQAILFYNKQGPQDQDVANMLRSLPVLYECDTDAAPPFEVCDHIVYRESLCLEREKRREVEKNHAVEGNGKQSAYYSGMDEQEALNYAKDEKQNYRETIFDQREETVDCQYDASYMESEKCDYENSGQDQRAGMIPFYPLSDSVQWQQDPHSGWVEYSFYCVGTLYCKGSLQMQLCDGEMITVRQHCSKEEDDQYYLRCKDEGYHGEVPIHQDGVGFGYDMLEISSDSDGDMYRQKNETDDVIYFMTIMMDDIKPCSAQQHMHQ,590,C. elegans
P00182,Exportin,Transport,CVEHPGKLWQESSQDFVFQYHTFREEVEYAEYVEMRNYTQQQPSFVKAAEKYKQKTHDQTHTQQVRQPPQMKKYFSEDMPEFKLALDHFASILIADGVINLQVFHCKQSTSRKSSCDHEAYWRGYWSMDACQYNIWDEIVQNYPHGEMCYIQMMYYLVQAAPEYVWNEKSFIFAQLYNQWPFDAYRRQPFCVYGKNTTEACYSVIRQGYQWFTKFWQAELQGYERFRDIRQCADQESQQVQDDIAPEAILRNQSGKDFEIECMTGAWNKSPPMWGIFQQPHKVEQCQKEDIYYPPHQQMHSCRTIYVIRTRSQNPQHIEYICTMGHPQHGNKCCPQFCWQHGHYSC,346,Yeast
P00183,Ran,Transport,NQHYPSPRDEWPKDFQQFRRVEWECGKMGDFLIGCCKDYTSFHHWNEHTLHHCAWQGDYYTNVECPFEQPGRFIEAENEGDLNPNQAGQQDCFHKAHWKGSEHMLELQYSFHRFPHGMDYWCGCMDTEARCQKDLQVMVGDQAESRCKGRYEYHQPGFPNKKRKGDGSVHIYDEIKSVGRPAAAMTDQWWLMNQMFKNSYHNINGQSIGLFIKQWEHQFGIFWSGPGDFPPRRSWQDVYFHMMQHVQCTQSQNYCIWHQMDRRAVMFPAANQQPLQQQCGSHTWDLSGCFFPAVEKVQVCHYYTNTNIRKQSQKGQYQEMAACCYCDGVFYWLALERIHFVHHTDYGRVDIWGYMLRQRYQQERRNKHHTIDNAGPKERMLIWPCIQEREQCG,393,Mouse
P00184,Nuclear Transport,Transport,DKQKTVNQILGCWGRRPKGEKQGHYMHQSQNQYPDWHDFAQYYSDQTYPKCQVSASTSQLYTPFGYIWKIYEYLWQSTENYQCVMWVPIQDQVDHCEIVQICLWAWCRWQMPMHKGPTGDIGEIMCDPIPYLREEHKTCPNLNDSNGKMKCARSDHMNALYTRGHIECKYTQDPYGRMSCIIPKDQVLWQTQGILPMNNDIIRWSPWEDPQMMHTAPDPYVLYHIHLDVGCEDVYAFNQLQSGQIYPEYYRPNRYFSNQFVETNGFNIHRSHNGSYMMRNSEWFTYTRMTTALTWADHPHYGRPWPHLTYGGVYEKVQPWLDKQQNKFCVHEPVPKKYQQLHERGNSALEQRPGGHAMHQHGKHRKENYGDDSGQEWDSHQSCMFFQGGVKYSGYQYRC,399,Mouse
P00185,Mitochondrial Carrier,Transport,RYQGFGDQEYIQVYQAYGQVDCPESGDAWVQKYHEPSQEQTVWQNGVWDNYGEYYECPDALPKFCEEVYLQNSQMCSSGYKQYEWRPWDAFTPKGPNYDFNERAVEKWQPNWGQLPEQVQRFCSNNRNAKDGVTQVEIYRDQQFCQFNQCQPLRDANGELCMDQVHQARCQAQAWQKERIMKDHKDADCKPLLYICDNPATHQYISDYQKRPELDYNLETPCWDTRSEDCWCIQQTWCGFRVYGKKTDNEQYSQHWEYIHQFHLDKCLQTGNYLISLQSWTIYCQQTSVDIAMQYVSTLQICFRAKEHCWPSERIEHLDGWRCAGGPTCWWYGDVGQESTGVPYWYKRDIDHSMYLSVQMGPMCGEGLQFEPGGRSDGEYKHRTRKDQCCFCADDEKQRHEGTAWCQPTWMDQVNTLFIGKAVREFSFVQNRQQKYGYWQMQMWYHQTTFSMQAVFGEENKESDKPFFRHTWTIK,475,Fruit Fly
P00186,Peroxisomal Transporter,Transport,GCMYPRLETTQSIQWTKYKGEPDRVPDQEDWWHLRVSNFRQINKPRIAECNGYVPHDKERQYWQSNQQRGWGEFCAPHQAIFQHIGQSIFLLMYVSAIDAQLIDQQDQGPGCCPKRDTICTDAATKIFTQQEDAQKDMSPREGDWYCGMQHWGTAIEWCHAMNSIATWQECIYTYDLYNRLPNASIYMDQWNDDAWFHLKTRDDPQRYRNELMFYGGGQQWKQTEILDVCPKLEQYGQNETMDAFDWPGAEQGTSCYWDFYSSDDKTHWQCWYSQEHARPDIQTGHDIASAGTAGQKCSADCIVKLPHVFVEGYCQWREAVQDMKHQERGHQSEHKNYIIDRLGLPVQCPRNQYLDNTNRQDMQGMHETGDHAKGEKDQVRDHPGYESNTDKMVLEAANYIKTRRNVRSVGEICQFQERQCANDQVHFFPGQRMSVYKIQSDQIYLMVVPLYLTCQNMQRFMWKDSGQSAW,471,C. elegans
P00187,ER Transporter,Transport,IWHRVGCNEPQKEQYDEQYTKGCEIYDYEGFGQYHQLVQDFTDDVTYQKRCNPNSPNQVIHWKVHYHLDMRRGQNNKYWYSDCEEHKDEDGAPQYKFYEQFACYQSVAGTGQVRNQQSEPCRALEVLVGEDQVAKDQQWSEDIQVYCNNQARFYVRTRIQFQAQQVFKHQMNTDQKLDAQKAEEDAQLNACWHLKVMCRKEYWCMRMKGKGRGQTDSEMQYGLISGGAKCKFMINQDDQSTSAEYGVIHNMTTEQHIQRRTTTQYVILTAFEMADNGQYCVNHKQAREYQLGGALYNFRQQVTMIIGLENTDHMPKYIPTAQVTFEKYHVWDSVIMIERQCQIKKWWTFSTRRKPECSRNNAYCTSKLNRQYQDRNIAPQHKTPAQQIRFVDETMNTGRDADSYFQVIYEDLECSCGVGQAQQRMTVMDRRIPQHGNYEQDQW,443,E. coli
P00188,Golgi Transporter,Transport,RQYHAQHTQEWCCHCFDFTAQMTDPNDWLFARSAPMAPLLEQYVAALHQGCQLCHHRGNQLWWQKHSDAHKCARQIQCEGMVPTQWGRVPERMYAQNYWAMPRAHDSDEPPVGTGKVEKNMWWHEKNQEHDIWMCQLGHFTCNMAHDNQEGSMKGN,156,C. elegans
P00189,Lysosomal Transporter,Transport,TGQQFDYSDRMQDGWYCLLIWIVGGDCNCMRIHSYQGETVHLWHTGHKDQQWGYWKDQIKEMGNRIAQIQEYSSGQQTHKEQMQYFQAKTIEPALYHTRNKMVRWDQPRPDQGFTAMQDNPPPMVRRRDLNMHQGKKQTGNLQIDPYAVNNYDSNRRGTYVGWDRYADYEKHLLAYPLQDECDHPKTFTGYGDRIPVAKGGERAQKSLYNYVWTLIEVKRPNMCVVVADWRGGHDTCKRRDRGEQDDYHMALGFWAAYAEFTAWKQQVHEWCLGVQYWTRKHNGPMQKRYQCQCIWGWDAESRFLAGDFGGLEWQSKTFRQKCMHRKGEELVPDEQIGSAVGMNHQNGQSSTSQTSQWKNDSAYKTYQNQETWSYEGWVIQLRHRDNLEIIAFQYTTWQGGQHSTFAQRFYIERPSAWLFYTHIQNMSLPHIIHVIQVYNLVQC,444,Yeast
P00190,Vesicle Protein,Transport,CASWESDWAQSVITDTYCMPGQPMYLWGQTFGCVTYPCSGREDKMGREDFTKSMEDYDWSSGNEPQDHMYDESNGKQWQCNFQFNNIDYFCHQQCQFARYTMDVDPHGFYAHIIHHTMQWTHQTFQLRMECCEYIWLYQFSSTTSPIEYGHQWVICECSRGRTDCNTMSAILQVTKHVDDQWKGWEWWQWRTMQFLCSIKSAETYGQWCSMQWNMEEYNDHGVSWEAAQTQTKEVFKCYVKMKEMQNEKIQYKDMMEAFHPLFCKFNVWLVIYQDARDVFTASFSEQMGQCCAKLDTGQNVTASTSQKMMFEGDQMSGIGRQQCVFGQKDQQQEQWPAQRQIPKPYTDQCEQQSNDHQGWWLSCRYQNRRRPPGRHYVSWHWDSNGNAYDNTQHWYHQRWAKPHGQ,406,Mouse
P00191,SNARE Complex,Transport,AMDLPCWMAMYALLMVDQDGDFEEPQQHLSHPMAHKRFQSHHCQKTDVLSIITHHTNMGLNPQTLMYQDHQGIGEYPLFKFQEGHRWGRQYYPQTNLYQGEYQYFVHFYQAFHDTQPHDWSQTGSQIDDHNIRHLTGYWQRNVDQVSYQVEVKDKIRICKQELYWSRTDHRCIYIQPVLFQQHQMGMPSCIVQDRWQKEQFAHQSHPGKSKEFSIQAVQTNYWCSLWQQGFHEQHYISGIHCHRKQMGNKAVEIQPKEGGESNTVQYLQGYFTSASIYANQYEHQQVPGTFHEVCRRCSPICMQKKQSIPKEGEGQQKAWQFPQDGNFDTAGKPWVYQSASIHSYEVPTHEGLVKEDFQAFIFYMSWAQYNTGDDCHCNSGFPIREARHTWGKDQFSNLYFLVQK,405,Yeast
P00192,Tethering Factor,Transport,EMIGHMKCMRMYHGSNDRRHQYTYGDGCGVVDIHLQQMTEYTAGQVWRSRFWHPTHLREVKQIEPPWHRPQTMWAQHESNQISVIRAYLQGRDQSGENFIYEREGENLDIDCLPISLATYLIKGMNESGSRRLNMEQIIQCIQQGPIRLLREQISRMNKPQTGNNMQQQQHEFFCPYYDLSAQKARILFGRCLSCTNMQMQQYHYWWSIQQQHGNFVKQWDTQGMEEEMGMHMKYFYCNLQAQPRRCYVYPMQHKFADTIFGYPEVGWERAHVMCQYYGNQYAQRHWADTWPCKTMCALRKQRHPMPQIGDENKFWTYHDYKCYIAMKGKQKRDQTPRETCCRQHQCFYWQYSHFPN,357,Fruit Fly
P00193,Rab Protein,Transport,HEFDIHGCVCYDREYWYGCSQYQRLAYRIAFMGYGIMMIVQYLMWDERGWMFARASDHMTTGNFHANNAQRVKQTSHATGVSQYKDNQAEWADDFSIGSSYEQQVRKHHIYATWKQNHIQYQKEATESGDDAAEHRINEKKDYGCLNNPRNEPPGWQSWVQMYEQQIYYKVHQPPRHIYQMQVWWTQLRPFQEEKMANQKQCQLSNGDHMPTQGTTYSFNRQSIQMGIMKIANDSQCGNTQHWKLWYELMCFIFHTFGGSISDLHDYWFFQFDQQQYHGADHKDFLCALQWMSQYAKSEHDGYQRKVAQEINDISSYCLAWAEKDHSQYLCMDSHPIPQIGGVQYESQQLVDFYFNYGQHKENYYGMVWGFLQWMGIGQTLGEFEMSIYSQRQDEMTETVPDIPPPIGPHYQEQQEQALDILYMCGWYTYGCQRSCLGLFDSTSNFYK,448,E. coli
P00194,Arf Protein,Transport,LLSNQAYDCYGEPIKVKHHHSPSCFAAKTVKTKGLQKQSLQQNCWDKQARTGPDHRYREHAVSKLDLRAMNQAAYCKYDDNDQGRLQMCPAEFAVNEKDDVDEPSFVTVAPFLRLYYDLYNLENNEVIQEMKMGNYQQMQFCFRHEQCCHKSGWDIQGNGQDDVYARQWCILIGQVQNEQRLKGFQQFFPASMLGDPQQQQQRAQDDDRKSACNYSGMQPCQPWETQDTHLKKIEQTDTPMDMGHENVYIPPTVYVYCGEWKQYYMCRHIAYFIAQEQKEYMLPGRLAGQWDGQECDHYQEDGKSIYGNWRLMPRGVQHQVQNQQYDVNPENQNPQDHYQGGMTDSHQWTKTNDQHTDQLHKHWQPLIEHWALEQFCNHHCTYYQTAKEQMY,392,Human
P00195,Sec Protein,Transport,PYCKSPDFECMEGFKWGQQAYQCIRKPMSQFWMYFGSRQTEHQWQQNQYTPLAQQSNWRQDNGDWVINPSLSFKQRRDVVQDWQCQRMCVSISKEDHGNFVWPGLLCPANGFWGIQPDDWQHDDCEFINPQQFTQNDQHHPPFDFQIKPQ,150,Fruit Fly
P00196,COPII,Transport,VRQFCCTHRLECNQCDYHDPFEQMEVSHNVAQKPIWCDQYRKTQDIQQRCYDCKPAQEQGSGEMHPAPRSMEEPQDGIQQNQRAYKSFSEYHCKNRRQKDGYACQQIQMDYNRGEAEMHSWAQQAQQQQMGTDEADAEHDRYYSQFYQMTDKGWGWCMQMQGCYHLTVFTYWVQSHQEGDREHSMVTRREGRWLLGKYFEDYTDQQWRWQQSQEEKCQVGSEFQQRSDSCKQYFDQIYMSWQDFSQVQGQIDVTGPTTEVLKHDAAGFCNACYMCFQLLMQRKRYQDWEQQDQDQYWTSMCMWSAQGQYDRPIDSCLVFGHQFLSPDDMECQDKRVGHHKFGYLTVMNYHHQELVMWYDMSVFVYQYEDGVGVQYQQCQQHGQAYPTKGGTKGSHAQKEIKNMGYVCLTTRPVEQQEAWEVCQPGISKQQQDEY,434,Human
P00197,COPI,Transport,GREMFEWQQLKHMSTHDILIGTCNQQGDNSEQSFWWDWQQAGSCCCRKNCIGQYSQRDDEHWLGFWINHHEIITPGHSMYTCEQLVWDMCEDCDQLKQPIYHIQHQEAMFTGCIEYAGFPQFGYKFVDWQMSPICHCFFVEFGYYGRYDLEKVEYSSSDFEPMGIGQVQKMTYHTLEFSERFEFESKRWRGYDQRVRYNPQEPHMVIASLGECWQKQAIDQQQVQQEQVPLGQDECRKLDIPKNDKLQEGGPQQLPQIYMDDQDATSHSIHMGQNYYHQHGMLKKVQMMYNVQIAQVQENRCGWGQNPLCLWRCYQVLEREQYPIERTWFFRRKYIKLHDEVQGGARLKHICDFDLYVLFGQHAWRVQSFIFWISYAGCYHVQICQVK,388,Human
P00198,AP Complex,Transport,QEHHHQKRDQGMNHWQGACRCGMYNSLQQLAQLTYCFPFGIIQTQQCMDINGQHNIKQSDKFQLLVQEYQWMMDIIGLSQYDTGDGQMARCYMSQTPIVHTWEGFDIGQWDIQQCEVQVREYNDLDAVRSSGKSSGNGVNNKRHTNYVNWSLREWQLGPTHRNEEYVVQIMARHAVTPIRSPNQIPTLHGPRYYHFRDEQRQQQLDVWQQTPGRNECDPISAREGENECGEVPHCIETLFKKVNIQQQGCDTQKTRIIDMMHQQYSGKTAQRKASQDGTMCNMNMQYVKQMYARNYHGSFPGFICMYCKSILTISFDIGLGKSVWDQTWNRWQGPHRISVTQRARQIDYYDGALIFFGYTQNPDQAQHHQYQIWSQGLQAELFCDQYQIDVQYSGSFQNDKWTIENIDGDCERHRRDQDNSVIVQEAQIFKRGLCKQCQWPQRVDACAGQGAYQQFPGVRCEEDFGQVFGAGQAGWWRRACTPTKPEPHLSYHLYNQNFYCNPGQYPEMLTHPHGLNSYDDH,522,Fruit Fly
P00199,Endosomal Protein,Transport,SSYHQISVTEYWQYGSQPCPGKMGVQWEHEHSAQSGDKQKDYMQLDQDPTCHRDYMATLCTSLTHGDQCMAGYVYRGCLNSDGDCHMQADLLDDMKIQHVIMLKFQFKHHQCMQMYFRCGDLRFMFLDQREDYPHPNWMLQPDGTESNQIAWSDQVPAQTPEFSMQLPKMKQMCQYQQYCDQSYMIQEMLREDQPEQTFKAHVQRCYCPSQYPMQRQKGEIYPSYQFNSNEGQGIQKEPNLQWRCSKCCRWSMFFMNKDHQFFELHHIKFEAFYRWKCFYQIQAFFMMDHERNCGQYPAPQQMHVRCEGNQQQMGQDQYSCRDHYMRQALHWEQWDRQKGQKDHKLATKAKMEKSRQYENASDKEIIRQTNDELSRQYAFHCAHITDDRQIEWLCFNFRMIDQSCVQRYDVVAANPHMG,419,Yeast
P00200,Autophagy Protein,Transport,KQQDFVISHDPKFGVNSRFQQNPDVLTQVFEDYRTCQQQPVQTLLWHDCYDHEDQCMQKQFDVQRNSWDHGRPEYQDVKNSWANDWWEESMSGFLYQRDLVWMIQWLMWVACRFCWKPHQLVIRGYRGYDNGQNKQSWVMSLEKCFRKDQPMQQIELNQSDREAYRFLLNFWHQNKVLCYQEWCNQEDKHDRYMQDTYGCGFCFFGSESRCEDSGQEHNYHGDTSQVGQDCTAQFQNGCATPAHCPANGDVDFRDTSQFIYYQHAYCHLREMYIYDGDTSEFFADEASHMKAFMPVQKMNVEGTQSTMKQEGVKYIYAQPQAIYADYQYQPQFIVDAWKCVQCRQQGILYCDNDLEGASRGYQRYAGLHQQAYKLIWVKRYTLPMQWCEQPLMPSRDNRIYYHWQGANFAWEIILWDHTFDQTVHWIQPQGPQCHHKIQVKDYCDIDDQFNLKYKRQHQEQQYQVCRPKEKCEDEGQIYARQHMQYTGDGLTQSMLQHFQEHQRVSEKYQLATTMKWARQIAQAFQGEIPREHIQLQRSYYSDLWKGRCKYEQQFCYEDMHQFSNQKWSQKLKEDYQGQFRLGYARYHSLDIKGCEEWYLFGESITQWGSHKQLLHQQAYFGDQSDEQQMQYHFFYDQCGYQISIKDAIHQTQTWRWPEEWFM,663,E. coli
